suffixTitle,generationalSuffix,prefix,customer_ID,first_name,last_name,CompleteName,gender,email,Address1,Address2,city,state,zipcode,country,Race,Birth_Date,Marrital_Status,Number_of_Children,Store_Membership_Card,Occupation,Annual_Income,Largest_Bill_Amount,customer_Since,SSN,Last_Transaction,IntBankAccNo,CreditcardNo,CreditCard_type,password,mean_Transaction_Amount
PharmD,,Ms,01GYWN8VTTCRRWAYA7V7FPB075,Levin,S,"Levin S,PharmD",Male,levin.s@pilog.com,Rm 645,1453 Rf Cir,Minneapolis,Minnesota,55487,US,Navajo,3/6/90,Unknown,3,dFnTTQ5aagbvy,Community Outreach Specialist,90087,11333,2/4/12,182-61-0232,3/11/14,GR09 1700 322W 7UM4 RQL7 XVZN XUM,6.38E+15,instapayment,S2druqBmTDwT,
EdD,,Mr.,01GYWN8VV1B4TJPAFHD2X839S0,M,Eastop,"Mr. Marnia Eastop ,EdD",Female,M.Eastop@pilog.com,PO Box 56189,7318 Laurel Ave,,,99252,US,Shoshone,7/27/19,Single,6,t86Z2664Cbbte,Sales Associate Associate,66832,75123,9/7/11,200-88-2444,8/14/17,FR56 4097 8359 49TZ 8QUT NJW0 285,5.10E+15,mastercard,TURR0nfQpkI,
MFA,,Mr.,01GYWN8VVBKPFZ4PHJC07F1ANC,Ronda,In,"Mr. Ronda In ,MFA",Male,ronda.in@pilog.com,PO Box 55979,8 Magdeline Ter,Fresno,California,93709,US,Indonesian,9/11/10,Married,3,yoqtyiEehyh,Electrical Engineer Senior,54104,19999,7/5/21,566-10-7775,2/4/08,SA86 236G WM71 Z4XI XV9A 7CXF,5.01E+15,mastercard,5Ajwmz,
IQCP,,Mr.,01GYWN8VVH1NKZ952RAFJKCSHS,Davine,Alba,"Mr. Davine Alba ,IQCP",M,davine.alb@pilog.com,Suite 47,09422 Kensington Cen,New York City,New York,10029,US,Ottawa,11/4/85,Married,1,09wnTAeghyt,Sales Representative Senior,57953,18444,2/26/15,123-45-3114,2/14/15,TR52 7635 0FHY GSAC 1WSG XKFH I6,4.18E+15,visa-electron,owDB9xjRFtK,
DPT,III,Mr.,01GYWN8VVQP15205CS831NF9ZJ,Eolanda,Fluck,"Mr. Eolanda Flucker III,DPT",F,Eolanda.Fluck@pilog.com,Apt 1519,477 Anniversary Way,,,95173,US,Chinese,9/7/78,Married,5,4iCO5AHrMTvsfv,Chemical Engineer,97580,82226,12/12/12,242-12-5288,1/12/14,FR85 7135 0045 90NA WNTH MP9N C95,3.59E+15,jcb,pK1oOJaN3Wlr,
MPHIL,Sr,Prof.,01GYWN8VVZTYGNCR0F411C6XQW,Francisca,G man,"Prof. Francisca Graalman Sr,MPHIL",Male,Francisca.Gman@pilog.com,PO Box 70923,82396 Longview Pk,,,64082,US,Micronesian,6/29/06,Divorced,1,xbykjrLfTprhhhhhh,Recruiter Associate,66553,11111,1/8/11,355-55-9055,12/5/17,BE58 4316 0624 7011,5.54E+15,mastercard,oN56Of1M2,
EdD,,Ms,01GYWN8VW673HAR66SD3QBDJRD,Herby,H,"Ms Herby Havock ,EdD",Female,herby.h@pilog.com,Rm 622,15 Kropf Cout,Sacramento,California,95894,US,Bolivian,3/19/71,Married,1,BIOy58Pn7tnhb,Assistant Manager,58487,31924,5/5/05,770-44-6175,2/17/16,BG44 TGBG 9478 84D5 MDM1 B2,3.57E+15,jcb,TAqMHAjG,
MSW,,Mr.,01GYWN8VWCE12N5N1S3S4WFJDM,Mathe,Brad,"Mr. Mathe Brader ,MSW",Other,Mathe.Bra@pilog.com,Rm 1888,1711 Kenwood Plz,,,33310,US,Spaniard,4/14/20,Unknown,1,ZsIDKE2L3AhQrtgt,Analyst Programmer Associate,92549,59215,5/30/02,759-06-6241,12/1/13,BA09 3169 1871 4447 2142,6.71E+15,jcb,4po9Id1eu,
PharmD,,Dr.,01GYWN8VWGNYR8ZJC2GX370BGM,Ted,Gull,"Dr. Ted Gullam ,PharmD",Transgender,ted.gull@pilog.com,Suite 58,09204 Chinook Ter,Phoenix,Arizona,85062,US,Choctaw,11/3/62,Divorced,2,VgAfe13IOctgyh,Senior Software Consultant,96556,76686,3/3/04,702-19-8241,9/7/04,IT55 R338 8114 557K B4H5 3BJS M4A,3.56E+15,jcb,3pjQG8,
PharmD,,Dr.,01GYWN8VX43NC6Z5E7CT00VN3M,Max,G,"Dr. Max Grouer ,PharmD",Transsexual Male,max.g@pilog.com,17th Fl,9895 Moose Ps,Gulfport,Mississippi,39505,US,Seminole,4/1/77,Single,5,rKG1Ti6ZBdgs,Senior Marketing Assistant,38498,86874,7/2/21,218-61-6511,6/22/18,FR06 3505 4415 69SP CQSN FIYU 422,5.60E+16,diners-club-enroute,kSxeDwlb,
MSW,,Dr.,01GYWN8VWY5S8Z9AG31WJKXZKM,Cletis,H,"Dr. Cletis H ,MSW",Trans,Cletis.H@pilog.com,5th Fl,16901 Utah Cross,,,77713,US,Thai,9/18/78,Separated,9,H9VSBzKk9lrwgf,Actuary,44785,77761,11/6/21,225-42-9971,7/21/14,LT74 8739 8207 7193 7463,3.57E+15,solo,mRlG13T,
pharmd,,Dr.,01GYWN8W128E8AJPDBYXJBNWWH,Ram,babu,"Dr. Ram Babu, PharmD",m,Ram.babu@pilog.com,2nd floor,1234 rf cirlce,,,72204,US,Thai,9/18/00,single,5,agsvdycufhevbfuvg,Engineer III,555555,2314,12/2/02,200-78-8181,6/12/00,LT74 8739 8207 7193 7463,3.58E+15,jcb,aswqwedh,
DDS,,Ms,01GYWN8W2BRPVFTS6DP9897DXS,Vivi,Lindenst,"Ms Vivian Lindenstrauss ,DDS",Other,vivi.lindenst@pilog.com,Ap 617,258 Thackeray Cir,Washington,District of Columbia,20319,US,Pima,1/28/20,Unknown,1,O2QJyAxfgtbt,S Consultant,25089,94347,2/10/00,591-53-2790,6/28/18,LI87 3121 8SN9 P4CR YMGC 9,6.39E+15,diners-club-carte-blanche,2qfDjdqT,
IQCP,Sr,Mr.,01GYWN8W2EXYKXQ085ZE0RQHA2,Lambert,M,"Mr. Lambert Moseley Sr,IQCP",Female to Male,lambert.moseley@pilog.com,PO B 98693,43238 Almo Alley,Roanoke,Virginia,24024,US,Lumbee,11/8/09,Engaged,7,mGivbG3Kbfgb,Senoir Recruiting Manager,43982,9753,10/29/15,560-79-8978,1/15/14,SM81 N751 7209 118K ECKK PGJN IRZ,4.04E+12,jcb,ECvFPL,
PsyD,,Ms,01GYWN8VVNH281MD8VQPGFQAE0,Christophe,Dykas,"Ms Christophe Ducroe ,PsyD",Other,Christophe.Ducroe@pilog.com,PO Box 62897,4 Hovde Circle,,,11054,US,Tongan,6/13/16,Unknown,2,sALDU3KWyak,Mechanical  Engineer,99601,65841,4/7/17,348-95-2549,3/16/01,CR04 5363 6404 9592 4069 6,3.55E+15,laser,bqOiabKr3yQh,
MSW,,Mr.,01GYWN8VVZHZS8FN9YSDHTY926,Rriocard,Surr,"Mr. Rriocard Surr ,MSW",Genderqueer,Rriocard.Surr@pilog.com,Ap 1380,5 Cordelia St,,,40591,US,Nicaraguan,11/20/72,Married,6,uX6Kr1D5Jfgb,Financial ,28975,85262,2/21/10,106-25-0726,7/21/20,GL58 7063 1522 0923 88,4.51E+15,maestro,N4DOC2xRQ,
PsyD,,Ms,01GYWN8VWC6SE7RZMGJHFWQC4M,Tess,Galier,"Ms Tess Galier ,PsyD",Transfeminine,tess.galier@pilog.com,Su 61,16 Bultman Ave,Winston Salem,NC,27116,US,Pakistani,6/19/79,Unknown,10,IgL4Sjbfgb,Recruiter,42273,57605,10/8/12,551-57-6901,2/15/07,FR24 2252 8832 077I ZVUC EZB5 B31,5.61E+16,visa-electron,CaTmcv61cs,
MSW,,Dr.,01GYWN8VWP2VPN0XF8JBH7NWFN,Ophelie,S,"Dr. Ophelie Spurriar ,MSW",Cisgender Woman,Ophelie.Spurriar@pilog.com,Apt 1551,20 Pond Way,,,98424,US,Alaskan Athabascan,1/24/86,Unknown,1,3fstTn2fgvtbge,Computer Systems Analyst II,53282,86185,2/10/00,621-52-3991,10/26/18,CH94 6104 9WSC SVVO 3VH1 D,4.03E+15,jcb,HVlWE1R,
PsyD,,Mr.,01GYWN8VWVVPEV10EYDE5ESDCY,Austin,Cathrae,"Mr. Austin Cathrae ,PsyD",Cisgender Female,austin.cathrae@pilog.com,PO Box 36569,072 Tony Cross,Waterbury,Connecticut,6721,US,Honduran,12/19/10,Single,6,DdlhEUsvtgb,Assistant Manager Sr,50313,75401,10/29/15,737-71-7235,11/2/00,FR84 3883 4212 772O TU0H GCKR X58,2.02E+14,americanexpress,8jsR0NBT,
PharmD,,Dr.,01GYWN8VXSXG65A56Z6F3QMJ90,Ruggiero,Sharply,"Dr. Ruggiero Sharply ,PharmD",Cis Male,ruggiero.sharply@pilog.com,Apt 488,73872 Morning St,Lynchburg,Virginia,24515,US,Venezuelan,11/3/78,Separated,4,4XCMipNgbyt,Senior Cost Accountant JR,17205,12576,4/7/17,617-02-4454,6/1/12,KW36 FEBX SGE6 LBB3 Z6MZ 4YVO KCXB YH,6.30E+17,jcb,4xLRQsnb,
PharmD,,Ms,01GYWN8VXYX4WQNBW2BZTHWQM2,Whit,MacR,"Ms Whitaker MacRury ,PharmD",Cis Woman,whitaker.macrury@pilog.com,PO Box 47239,187 Sundown Cross,Charleston,West Virginia,25389,US,Puget Sound Salish,7/20/87,Single,1,8nUnzSbGqhCZvtb,Internal Auditor SR,27452,21448,2/21/10,847-87-1943,3/3/02,GR45 2615 256Y KUJR KEHA MWWA YOL,3.58E+15,diners-club-enroute,OVgHg0lL,
EdD,IV,Prof.,01GYWN8VY4P7FSDYKJMZ7QP0ZY,Marji,Sapauton,"Prof. Marji Sapauton IV,EdD",Intersex,Marji.Sapauton@pilog.com,12th Fl,9347 Emmet Pl,,,32309,US,Spaniard,11/15/80,Unknown,8,18P3EUGeE6fvrt,Human Resources Manager SR,53694,41594,10/8/12,725-81-0288,10/16/13,IL56 2213 7809 2169 1605 393,5.02E+15,jcb,mcuNlJ9zwnU,
DDS,,Ms,01GYWN8VY9GGW861MQ67TPVMDN,Modesta,S,"Ms Modesta Stoile ,DDS",Two-Spirit,modesta.stoile@pilog.com,Suite 71,16 Kinsman Park,Reno,Nevada,89519,US,Pima,10/12/09,Separated,7,YEtJ3YSCx09vrvre,Executive Secretary ||,56424,7783,9/20/09,694-85-5798,7/24/19,IS83 1884 6415 7460 8432 6110 91,4.04E+12,jcb,1UWnfQk6I2Z,
DPT,II,Prof.,01GYWN8VYDRG61562K7VFQW82V,Minna,McGaraghan,"Prof. Minna McGaraghan II,DPT",Gender Nonconforming,minna.mcgaraghan@pilog.com,Room 1027,420 4th Park,Charleston,West Virginia,79118,US,Bolivian,9/23/69,Engaged,6,7LX9XIKgvytbe,Structural Engineer Jr,99819,88043,1/27/10,781-73-6772,5/21/12,FR12 6908 7843 72HK B48F EVDY G63,3.55E+15,switch,9Nn9feVP,
PharmD,,Ms,01GYWN8VYJMXH4WMAEYN39S3GJ,Devi,Dykas,"Ms Devi Dykas ,PharmD",Two-Spirit,Devi.Dykas@pilog.com,17th Floor,922 Hollow Ridge Way,Beaufort,,31205,US,Yuman,12/14/09,Divorced,1,uccqTKUnKrgbvtye,Account ExecutiveJR,71338,29824,5/26/09,449-55-8128,2/19/16,FR69 4505 8592 65L4 DLP4 ZSYA P51,6.77E+18,jcb,SvLdDZA3a0f,
PHD,,Dr.,01GYWN8VYR8VDJCV9MBQFVHE3A,Felicity,Reasun,"Dr. Felicity Reasun ,PHD",Transsexual Female,felicity.reasun@pilog.com,4th Fl,16510 Nancy Trail,Saint Paul,Indiana,63158,US,Cambodian,8/5/18,Unknown,9,sjgg1ZWFWmZCvtre,Statistician II,91838,50468,2/12/10,418-41-3366,8/22/11,AZ72 FYVY M9TV RXSV KCHF VILR VFTO,6.76E+16,jcb,fhECQypDzT,
IQCP,,Mr.,01GYWN8VYXY3JG3R9TXTBBRKKQ,Ertha,Cwin,"Mr. Ertha Corwin ,IQCP",Cis Man,ertha.corwin@pilog.com,Apt 1809,1 Burrows Place,,South Carolina,18763,US,South American,7/19/55,Separated,2,1yREIffTwrTOvrvtb,Teacher Asst,98342,79736,7/21/17,735-03-9363,12/21/17,CR52 9754 5619 4195 5822 9,5.01E+15,laser,vv5czNSoJ,
DPT,,Mr.,01GYWN8VZ23BGC1WWDWMRAVREB,Ginnie,Haibel,"Mr. Ginnie Haibel ,DPT",Trans Person,ginnie.haibel@pilog.com,5th Fl,47924 Esch Lane,Tuscaloosa,Georgia,98424,US,Choctaw,3/4/67,Divorced,9,JljZBG9rvste,Senior Cost Accountant Sr,98075,20695,2/10/00,840-88-1876,1/6/01,FR11 9365 8100 31JO JMNO BIUH W09,5.60E+15,jcb,yIcKelj9Xvg,
MSW,,Prof.,01GYWN8VZ7Z490XCSGM7HSZ5Y7,Dar,Squ,"Prof. Daron Squires ,MSW",Cis Man,daron.squires@pilog.com,Su 2,7 Continental Junc,Canton,Virginia,52245,US,Honduran,3/17/50,Unknown,10,nHqIWsIfvdfbtb,Recruiting Manager Sr,86059,69155,10/29/15,818-50-6574,1/25/00,FO62 0650 4526 6639 75,5.60E+15,jcb,6HVlGItJ7HQ,
IQCP,,Mr.,01GYWN8VZCXZ12FXJ3J80FJ3FP,Caty,Tomaskov,"Mr. Caty Tomaskov ,IQCP",Intersex,caty.tomaskov@pilog.com,PO B 35860,378 Lunder Cot,Houston,Fl,88006,US,Native Hawaiian,12/26/20,Unknown,9,sJfFfvzO0Vvretr,Structural Engineer Jr,6113,58143,4/7/17,438-09-7917,2/9/03,DK67 4530 0574 9462 14,5.60E+15,diners-club-carte-blanche,fOz4WD6Y,
MPHIL,III,Mr.,01GYWN8VZHVDNTNGMESZA89SA4,Danella,Petra,"Mr. Danella Petrashkov III,MPHIL",Genderqueer,Danella.Petrashkov@pilog.com,Su 97,3 Superior Hill,Rochester,,63158,US,Navajo,11/20/07,Divorced,1,uFKXSkvfbteb,Occupational Therapist,54464,97871,2/21/10,232-79-3427,8/31/21,LI58 6558 1BIS USDT EPUZ 9,5.60E+15,jcb,IJiT6d9mR,
PsyD,,Dr.,01GYWN8VZPDSNSACDWE5A6X7ZX,Rob,Gild,"Dr. Robb Gilding ,PsyD",Trans,Robb.Gilding@pilog.com,5th Fl,09 Mcbride Trail,,California,18763,US,Houma,8/14/15,Engaged,8,SgY3jZnBecrebtyh,Environmental Tech,52977,8250,10/8/12,247-57-8558,8/10/08,BE68 3610 3803 9022,5.10E+15,laser,ndhBcySXInzm,
EdD,,Mr.,01GYWN8VZVVYRTXZDFM47YQVM2,Frayda,Chi,"Mr. Frayda Chimienti ,EdD",Male to Female,Frayda.Chimienti@pilog.com,6th Fl,0873 Bartillon Ps,Portland,Virginia,98424,US,Mexican,9/30/51,Married,5,Gg3jMxvgbtb,Assistant Media Planner,21082,4472,9/20/09,840-88-1876,10/8/22,FR55 5006 8611 14WI WWEA PNYQ L61,6.77E+18,maestro,iIa38ZWzh7Nm,
MFA,,Mr.,01GYWN8W00A3GJS18E0BTZE8PJ,Trav,May,,Transsexual Man,,Apt 1551,1433 Rf Cir,Charlotte,Alabama,52245,US,,,Single,6,wVXh95G7t4Kfsvtb,Developer III,28975,51976,1/27/10,818-50-6574,10/21/09,LV03 EFFZ UCBT EXYV S3KA H,6.76E+16,visa-electron,zclfdQRSbDS,
PHD,,Ms,01GYWN8W0522RZQM2G5E7T8N5E,Hold,Drakes,,Transmasculine,,PO Box 36569,738 Laurel Ave,Pasadena,,88006,US,,,Unknown,10,rC2FVdHSlL7dfsvtb,Legal Assistant,42273,78311,5/26/09,438-09-7917,3/28/05,FR72 0008 1718 14UQ VMJE EN35 O87,5.01E+15,jcb,NkF6yAb8u,
PharmD,,Ms,01GYWN8W0BMM2J5NDCJQ5RM7PX,Lor,Mulroy,,Pangender,,Apt 488,811 Magdeline Ter,,California,25389,US,,,Single,9,eJklBjuv2gOEfsvtrw,Web Developer II,53282,90416,2/12/10,232-79-3427,7/3/17,FR59 0124 6500 28CV 0SIC AUAZ T68,5.60E+15,americanexpress,PKzrayHDbiyq,
DPT,,Ms,01GYWN8W0GN4DGYTVNRKVBKZF8,Shepperd,Rubinovici,,Two-Spirit,,PO Box 47239,022 Kensington Cen,Washington,,70005,US,,,Separated,10,hLrIj1mb2vfsbytb,Community Outreach Specialist,50313,85262,7/21/17,247-57-8558,10/6/18,GI77 QHGC PJQS BONR KHKC Y6Q,5.60E+15,jcb,fZec6qY,
MFA,,Ms,01GYWN8W0MWZHBSP2GJP0J4J8C,Ema,Slayford,,Gender Questioning,,12th Fl,47 Anniversary Way,San Diego,California,93150,US,,,Unknown,7,ZeFFBY4okdBwsvtb,Chief Design Engineer,17205,57605,2/10/00,836-07-1391,12/18/12,IL68 7518 6793 4657 7863 125,5.60E+15,diners-club-enroute,7HzZjIz7h,
DPT,,Ms,01GYWN8W0R0ZC8Y1DZSK6T4RDA,Delora,Newsham,,Female to Male,,Suite 71,86 Longview Pk,Washington,Virginia,2216,US,,,Divorced,10,0pWJ52Uy6Inbtb,Director of Sales,28975,86185,10/29/15,785-24-9337,11/8/06,MD80 Y5OG EBVV 8LK3 O80E CTHF,5.60E+15,jcb,Nigxqy0X0,
MSW,,Mr.,01GYWN8W0XADR2KK9PAWX452KX,Karla,Rigney,,Trans Woman,,Room 1027,15 Kropf Cout,Beaufort,Alabama,10155,US,,,Married,4,nZRgjcHTfbvtbtn,VP Accounting,42273,75401,4/7/17,633-72-4100,8/10/08,GT61 F1BI JL2R BL66 XANL PLE3 YKUF,5.10E+15,jcb,XPZolizL,
PHD,,Mr.,01GYWN8W1270C2KDHVVQ2G2E7M,Carlina,Lampen,,Gender Fluid,,17th Floor,11 Kenwood Plz,Saint Paul,Kansas,12237,US,,,Engaged,2,ATavtk9btbte,Computer Systems Analyst II,53282,12576,2/21/10,297-01-2671,10/8/22,MT66 ZJXU 4269 1YNN Y2JI TINM OQK9 L6P,3.74E+14,switch,HRI1IO,
IQCP,,Dr.,01GYWN8W1565D9D4EEGM40B10S,Rusty,Munkley,,Transsexual Woman,,4th Fl,094 Chinook Ter,,,78721,US,,,Separated,1,B4Tu8j2NjObgbjm,Assistant Manager Sr,50313,21448,10/8/12,521-38-9703,10/21/09,SI73 2229 4947 8652 396,3.06E+13,jcb,zclfdQRSbDS,
MPHIL,,Dr.,01GYWN8W18GRTXFEZBDBGS3PV7,Deina,Boomes,,Trans Woman,,Apt 1809,985 Moose Ps,Tuscaloosa,Florida,92121,US,,,Unknown,1,bcL636BHEVgnjm,Senior Cost Accountant JR,17205,41594,9/20/09,106-25-0726,3/28/05,FI77 2953 3926 6349 91,5.60E+15,jcb,NkF6yAb8u,
MFA,,Dr.,01GYWN8W5T7WHJYQ41NPZ2GJJT,Stodd,McMearty,,Cisgender Man,,5th Fl,101 Utah Cross,Canton,,30356,US,,,Separated,1,ZmtHX5yMPlljukuj,Internal Auditor SR,27452,7783,1/27/10,551-57-6901,7/3/17,FR59 0124 6500 28CV 0SIC AUAZ T68,4.98E+12,laser,PKzrayHDbiyq,
PsyD,,Prof.,01GYWN8W5XWVGQ0HC0B8PW84B2,George,Costa,,Neutrois,,Su 2,90 Shasta Cout,Houston,Colorado,33416,US,,,Single,8,Oao5grhnyn,Human Resources Manager SR,53694,85262,5/26/09,621-52-3991,10/6/18,CH94 6104 9WSC SVVO 3VH1 D,4.84E+15,jcb,fZec6qY,
PHD,,Prof.,01GYWN8W61RPPSXCET95WZ5RZ5,Virgie,C.well,,Pangender,,PO B 35860,4 Continental Ave,Rochester,District of Columbia,11231,US,,,Engaged,8,nKOPgCKOlhhnynr,Executive Secretary ||,28975,57605,2/12/10,737-71-7235,12/18/12,FR84 3883 4212 772O TU0H GCKR X58,3.59E+15,laser,7HzZjIz7h,
EdD,,Ms,01GYWN8W63N677PPEY56F6B577,Vivian,Macguire,,Transsexual Woman,,Su 97,1862 Reindahl Ave,,,14619,US,,,Engaged,7,Lj8F0KJ1Qbgdbgb,Structural Engineer Jr,42273,86185,7/21/17,617-02-4454,11/8/06,KW36 FEBX SGE6 LBB3 Z6MZ 4YVO KCXB YH,5.57E+15,maestro,Nigxqy0X0,
IQCP,,Ms,01GYWN8W66MMVQ0AESZ204Z0W0,Lamb,Deverock,,FTM,,5th Fl,1178 Spring Rd,Portland,,71137,US,,,Engaged,8,2ze1L0hnyr,Account ExecutiveJR,53282,75401,4/12/21,847-87-1943,10/26/18,GR45 2615 256Y KUJR KEHA MWWA YOL,3.58E+15,visa-electron,XPZolizL,
MFA,,Prof.,01GYWN8W6ACPGHXBSKR51VYNCE,Christophe,Gold,,Female to Male,,6th Fl,6690 Mcguire Pl,Charlotte,,43605,US,,,Unknown,8,IiC65CxF8ghnbnh,Statistician II,50313,12576,8/28/17,725-81-0288,11/2/00,IL56 2213 7809 2169 1605 393,3.74E+14,jcb,HRI1IO,
IQCP,,Mr.,01GYWN8W6D9NFTXNTS147MAMEJ,Rrio,Kohtler,,Female to Male,,Rm 645,188 Melvin Cross,Pasadena,California,25305,US,,,Engaged,2,MuYFActnhnyn,Teacher Asst,17205,21448,1/13/06,694-85-5798,6/1/12,IS83 1884 6415 7460 8432 6110 91,3.55E+15,americanexpress,cViy3old,
MPHIL,,Ms,01GYWN8W6G2BEG9MSJB1Q3R7DX,Tess,H.ford,,Cisgender Woman,,PO Box 56189,7 2nd Dr,,,95118,US,,,Married,4,LomiRR9eoQyMgb,Senior Cost Accountant Sr,27452,41594,2/10/00,781-73-6772,3/3/02,FR12 6908 7843 72HK B48F EVDY G63,5.11E+15,jcb,UJosNNW6Q0n,
DDS,,Mr.,01GYWN8W6JMW6AAYFS9TGWH60S,Ophelie,Volk,,Trans Woman,,PO Box 55979,280 Rutledge Parkway,Washington,California,92176,US,,,Engaged,3,PlZzGTQZpLfbdb,Recruiting Manager Sr,53694,7783,10/29/15,449-55-8128,10/16/13,RS57 1803 2494 6634 0235 08,4.91E+17,diners-club-enroute,M6i8eji2wGU,
PharmD,,Prof.,01GYWN8W6NWQ94EXQ233D5V662,Austin,Zecchii,,Androgynous,,Suite 47,029 Luster Trail,San Diego,Virginia,28210,US,,,Divorced,6,STtePtFBWVwEfvfg,Structural Engineer Jr,56424,88043,4/7/17,418-41-3366,7/24/19,SK40 1037 6335 5871 5934 9449,6.71E+15,jcb,nO6WkUbxQ,
PHD,,Dr.,01GYWN8W6RKFKW56YPDJT23G3Q,Ruggiero,Symson,,Cisgender Man,,Apt 1519,81 Northridge Pk,Washington,Alabama,15230,US,,,Separated,3,2d4NbBYwH6bgf,Product Engineer,99819,29824,2/21/10,735-03-9363,5/21/12,LI06 2297 1QWJ 313P KPP0 X,3.56E+15,jcb,2q9Gwg6BF,
MSW,,Ms,01GYWN8W6WS9KNRFGP5GZQY82Q,Whita,Anfosso,,Neither,,PO Box 70923,90 Shasta Cout,,Kansas,79118,US,,,Separated,10,j1yR6kiafgbgb,Product Engineer,71338,50468,10/8/12,840-88-1876,2/19/16,HR20 8400 2600 8836 3971 1,5.60E+16,switch,5mLtbjQ0,
MFA,,Mr.,01GYWN8W6ZHCWV7XRRMB55ZW3A,Marji,Tarpey,,Transgender,,Rm 622,4 Continental Ave,,,31205,US,,,Married,,FGhvmzMKfbg,Computer Systems Analyst IV,28975,79736,9/20/09,818-50-6574,8/22/11,IT24 A909 5241 7082 ZICY WUXH E2G,3.57E+15,jcb,HFhs5JQVRDM,
MFA,,Mr.,01GYWN8W71KW35D2Q9DH1SFN17,Modesta,Fennessy,,Cisgender,,Rm 1888,1862 Reindahl Ave,Pompano Beach,Florida,33320,US,,,Single,,OcdwHafdbgd,Statistician IV,42273,20695,1/27/10,438-09-7917,12/21/17,IT22 N587 0994 166J 2NNR 6CAX VSK,3.58E+15,jcb,cDebIrCzQMZ,
PHD,,Ms,01GYWN8VXZHQEZG1A9F76A60CC,Minna,Pile,,Non-binary,,Suite 58,1178 Springs Rd,,,27116,US,,,Married,,64BWbDvfs,Librarian,53282,69155,5/26/09,232-79-3427,1/6/01,EE97 0157 9536 5059 8986,6.39E+15,laser,zclfdQRSbDS,
EdD,,Mr.,01GYWN8VYP151092W015PY7MGY,Devi,Delacourt,,Transsexual Man,,17th Fl,9379 Schurz Pl,Tyler,Colorado,73197,US,,,Divorced,,ZY7yX81togbgf,Junior Executive,50313,58143,2/12/10,247-57-8558,1/25/00,FR28 6550 2240 23XE FYNG E3RX 780,4.04E+12,diners-club-carte-blanche,NkF6yAb8u,
MPHIL,,Ms,01GYWN8VYV8Z72C4ZB9FZ7D01G,Felicity,De la Perrelle,,Transmasculine,,Rm 645,83043 Eliot Rd,South Lake Tahoe,District of Columbia,92176,US,,,Engaged,,SOmNA6EmAn8fgbfgdF,Registered Nurse,17205,97871,7/21/17,524-54-7701,2/9/03,MT91 KCKG 0708 7STO EVL2 W5DT TATA MTE,3.55E+15,jcb,PKzrayHDbiyq,
PharmD,,Mr.,01GYWN8VZ0MNSM74KCE0YZNS6Q,Ertha,Kittman,,Pangender,,PO Box 56189,24476 Caliangt Ave,Raleigh,,28210,US,,,Married,,BlmxCStQajgbfdwM,Director of Sales,27452,8250,4/12/21,582-42-2093,8/31/21,AT09 1296 2808 6729 4216,4.51E+15,laser,fZec6qY,
MPHIL,,Ms,01GYWN8VZ547BWHTDWCDPNDTXK,Ginnie,Filipchikov,,Two-Spirit,,PO Box 55979,60475 Oriole Rd,,,63158,US,,,Unknown,,4WVnMgfbAttXt,Accountant III,53694,4472,8/28/17,836-07-1391,8/10/08,LU51 959F NNHU HAAM MW7M,5.61E+16,maestro,7HzZjIz7h,
PHD,,Dr.,01GYWN8VZA0XJX95E3GEECJY75,Daron,Brun,,Gender Questioning,,Suite 47,1894 Schiller Ave,Dallas,Texas,18763,US,,,Single,,7lEzSZYbgfb0Dm,Sr. Project Manager,28975,85262,1/13/06,785-24-9337,10/8/22,FR80 6317 5329 09AM USRV RUIP N66,4.03E+15,visa-electron,Nigxqy0X0,
MPHIL,,Mr.,01GYWN8VZFY3G2FEZDCBEE8NA5,Caty,Jeffer,,Female to Male,,Apt 1519,09346 Arizona Junc,Jacksonville,Arizona,98424,US,,,Married,,KZHXisEbgfg2vQe6,Engineer III,42273,57605,4/29/22,633-72-4100,10/21/09,FI57 5269 2002 6682 93,2.02E+14,jcb,XPZolizL,
PHD,,Dr.,01GYWN8VZMH8KBS30QT5KESRHD,Dane,Jouannot,,Trans Woman,,PO Box 70923,74886 Raven Dr,,,52245,US,,,Single,,ISRcjKkgbgfO2a,Operator,53282,86185,10/29/12,297-01-2671,3/28/05,PT07 1629 6341 3164 1357 0263 4,6.30E+17,americanexpress,HRI1IO,
IQCP,,Ms,01GYWN8VZTDXX1H1MV5BB18BC9,Robb,Fir,,Gender Fluid,,Rm 622,74 Kenwood Ps,Los Angeles,Florida,88006,US,,,Unknown,,KKjDyJZgb9Y,Occupational Therapist,50313,75401,7/3/13,118-16-9511,7/3/17,HR20 8400 2600 8836 3971 1,3.58E+15,jcb,cViy3old,
EdD,,Prof.,01GYWN8W04VYPXWWSBDGJQHXYA,Frayda,Casini,,Male to Female,,Rm 1888,12054 Kinsman Alley,Pasadena,,25389,US,,,Single,,3LZS4gbgdgg,Database Administrator I,17205,12576,12/11/16,253-15-6873,10/6/18,IT24 A909 5241 7082 ZICY WUXH E2G,5.02E+15,diners-club-enroute,UJosNNW6Q0n,
DDS,,Ms,01GYWN8W09N925TE29TQ91V7WK,Gaven,Sawtell,,Transsexual ,,Suite 58,8247 Oxford Jun,,,70005,US,,,Separated,,6EceDfgbgxnPCJf,Internal Aud,28975,21448,4/7/11,675-71-3319,12/18/12,IT22 N587 0994 166J 2NNR 6CAX VSK,4.04E+12,jcb,M6i8eji2wGU,
PHD,,Prof.,01GYWN8W0DGT5JMT55HP058APH,Thia,Middle,,Cisgender Man,,17th Fl,63553 Pierstorff Pl,Washington,Arizona,93150,US,,,Unknown,,GA1H5bgbstaTXF,Dental Hygienist,42273,41594,12/23/10,521-38-9703,11/8/06,EE97 0157 9536 5059 8986,3.55E+15,jcb,nO6WkUbxQ,
PHD,,Ms,01GYWN8W0HB2SQ9A1C0M4342QV,Christof,Tomet,,Neutrois,,5th Fl,095 Green Cross,San Diego,District of Columbia,2216,US,,,Divorced,,UFlW3aTw,Teacher,53282,7783,6/10/08,240-36-2462,2/19/16,FR28 6550 2240 23XE FYNG E3RX 780,6.77E+18,switch,2q9Gwg6BF,
DDS,,Dr.,01GYWN8W0MHMGJSM3YJ8CDS12K,Gretchen,Jenny,,Pangender,,12th Fl,32 Kennedy Jun,Washington,California,10155,US,,,Married,,v4VIpjw,Systems  III,50313,88043,1/13/11,480-53-9368,8/22/11,MT91 KCKG 0708 7STO EVL2 W5DT TATA MTE,6.76E+16,jcb,5mLtbjQ0,
MPHIL,,Mr.,01GYWN8W0P7JM8KQEWAAW6G9HX,Ginnie,Gaitskill,, Woman,,Suite 71,085 Stang Jun,Beaufort,,12237,US,,,Engaged,,QPwngqwFVJve,Biostatistician II,17205,29824,5/13/11,349-41-5193,12/21/17,AT09 1296 2808 6729 4216,6.71E+15,jcb,zclfdQRSbDS,
MFA,,Mr.,01GYWN8W0RXCKFSQEDM9WWTFX7,Gisella,Lashm,,FTM,,Room 1027,759 Randy St,Saint Paul,Connecticut,78721,US,,,Separated,,oQphPt4fqDo,Help Desk Operator,28975,50468,9/22/21,676-86-7915,1/6/01,LU51 959F NNHU HAAM MW7M,3.56E+15,laser,NkF6yAb8u,
IQCP,,Prof.,01GYWN8W0VT82S9BTG3PJDMWTS,Awin,Winley,,Male,,17th Floor,9208 Twin Pines Alley,,Georgia,92121,US,,,Unknown,,1WI8hi5BMTQ,Editor,42273,79736,1/4/11,106-25-0726,1/25/00,FR80 6317 5329 09AM USRV RUIP N66,5.60E+16,jcb,PKzrayHDbiyq,
DDS,,Mr.,01GYWN8W0XZ2JD8QXTSTNQSTC9,Rene,Cuar,, Male,,4th Fl,9664 Blue Bill Park Cort,Tuscaloosa,,30356,US,,,Separated,,St9iC49ez,Payment Adjustment Coordinator,53282,20695,3/28/03,551-57-6901,2/9/03,FI57 5269 2002 6682 93,3.57E+15,jcb,fZec6qY,
IQCP,,Mr.,01GYWN8W1095YGTJGBZK4QP7GW,Harm,Stubbe,,W,,Apt 1809,18507 Amoth Dr,Beaufort,Minnesota,33416,US,,,Single,,uDSMe85bPK,Financial Analyst,50313,85262,3/7/13,621-52-3991,8/31/21,PT07 1629 6341 3164 1357 0263 4,3.58E+15,jcb,7HzZjIz7h,
PharmD,,Dr.,01GYWN8W138T6XSWC8F5AZEKQ6,Lindy,Harv,,Trans Woman,,5th Fl,498 School St,Saint Paul,,11231,US,,,Engaged,,vleV4d93I,Legal Ass,17205,57605,10/4/05,737-71-7235,8/10/08,FR89 0098 2947 45OG LUFN 8LQX D57,6.39E+15,bankcard,zclfdQRSbDS,
MFA,,Mr.,01GYWN8W16W6SYHDEKWQ1D9Q0H,Carmine,Sher,,Androgynous,,Su 2,467 Bay Trai,,Florida,14619,US,,,Divorced,,xVixFYsw6Ja,Senior Financial Analyst,27452,86185,5/11/12,617-02-4454,10/8/22,SK40 1037 6335 5871 5934 9449,4.04E+12,jcb,NkF6yAb8u,
DDS,,Mr.,01GYWN8W1BN285AAKJSETGG7VW,Luce,Adamec,,Man,,PO B 35860,15695 Florence Dr,Tuscaloosa,,71137,US,,,Separated,,54UBmKwzQ,Account Executive,53694,75401,7/7/00,847-87-1943,10/21/09,HR20 8400 2600 8836 3971 1,3.55E+15,jcb,PKzrayHDbiyq,
IQCP,,Mr.,01GYWN8W1EE3NJ7X1FXKNNZ14J,Olympia,Dee,,Neither,,Su 97,30 Twin Pines Ps,Canton,North Carolina,43605,US,,,Separated,,sKkLvcfhAfgb,Database Administrator II,28975,12576,11/21/21,725-81-0288,3/28/05,IT24 A909 5241 7082 ZICY WUXH E2G,4.51E+15,visa-electron,fZec6qY,
DPT,,Ms,01GYWN8W1HY8VS5Z36EDT0316C,Salim,Scrim,,Transgender,,5th Fl,30625 Nova Wy,Houston,,25305,US,,,Married,,cALgAgCcKVgb,Executive Secretary ||,42273,21448,8/22/20,694-85-5798,7/3/17,IT22 N587 0994 166J 2NNR 6CAX VSK,5.61E+16,jcb,7HzZjIz7h,
PsyD,,Mr.,01GYWN8W1M893XWB09Q3TC7DKW,Ara,Lin,,Cisgender,,6th Fl,1178 Springs Rd,Rochester,California,95118,US,,,Single,,BUd2bGxJARbt,Legal Assistant jr,53282,41594,3/5/02,781-73-6772,10/6/18,EE97 0157 9536 5059 8986,6.71E+15,diners-club-enroute,Nigxqy0X0,
MPHIL,,Ms,01GYWN8W1Q1BANGSA7PK4KWT7F,Auria,Anto,,Non-binary,,Rm 645,939 Schurz Pl,,Indiana,23208,US,,,Married,,ZLm7QyLfb,Junior Executive sr,50313,7783,9/5/00,449-55-8128,12/18/12,FR28 6550 2240 23XE FYNG E3RX 780,3.56E+15,jcb,XPZolizL,
PharmD,,Prof.,01GYWN8W1TD29JMW2DR80BS3AT,Tami,Beszant,,Transsexual Man,,PO Box 56189,843 Eliot Rd,Portland,Florida,90060,US,,,Divorced,,4WVnMAttXtfbd,Safety Technician III,17205,88043,10/19/07,418-41-3366,11/8/06,MT91 KCKG 0708 7STO EVL2 W5DT TATA MTE,5.60E+16,jcb,HRI1IO,
DPT,,Mr.,01GYWN8W1YRZF9DA308E2VRC7Y,Antonin,brook,,Transmasculine,,PO Box 55979,276 Caliangt Ave,Charlotte,,79118,US,,,Divorced,,7lEzSZY0Dmdfv,Senior Sales Associate ,28975,29824,3/23/22,735-03-9363,3/3/02,AT09 1296 2808 6729 4216,3.57E+15,diners-club-carte-blanche,zclfdQRSbDS,
PharmD,,Dr.,01GYWN8W22HFF78PESW79BKEHW,Bondon,Prinn,,Pangender,,Suite 47,675 Oriole Rd,Pasadena,,31205,US,,,Separated,,KZHXisE2vQe6dfv,Web Developer IV,42273,50468,1/17/19,840-88-1876,10/16/13,LU51 959F NNHU HAAM MW7M,3.58E+15,jcb,NkF6yAb8u,
PHD,,Prof.,01GYWN8W24VAB8S1AA3JYJAZHT,Vladamir,Ash,,Two-Spirit,,Apt 1519,184 Schiller Ave,,Arizona,33320,US,,,Separated,,ISRcjKkO2advfw,Community Outreach Specialist,53282,79736,6/24/10,818-50-6574,2/15/07,FR80 6317 5329 09AM USRV RUIP N66,6.39E+15,laser,PKzrayHDbiyq,
MPHIL,,Mr.,01GYWN8W27Z09WFDSQVB0VEFMK,Brittan,Wear,,Gender Questioning,,PO Box 70923,0222 Luster Trail,Washington,District of Columbia,27116,US,,,Married,,KKjDyJZ9Ydfvyhm,Web Developer II,50313,20695,5/3/04,438-09-7917,10/26/18,FI57 5269 2002 6682 93,4.04E+12,maestro,fZec6qY,
IQCP,,Ms,01GYWN8W2A0SYSZSX57S9M62VQ,Wilburt,Ball,,Female to Male,,Rm 622,8111 Northridge Pk,San Diego,California,73197,US,,,Single,,3LZS4gdfvagrhn,Help Desk Technician,17205,69155,7/2/12,232-79-3427,11/2/00,PT07 1629 6341 3164 1357 0263 4,3.55E+15,visa-electron,7HzZjIz7h,
PharmD,,Ms,01GYWN8W2EXRJ0VFBWJ45X0H5N,Wini,Gal,,Trans Woman,,Rm 1888,9090 Shasta Cout,Washington,,92176,US,,,Married,,6EceDxnPCJfhgn,Systems  III,27452,58143,5/15/11,247-57-8558,6/1/12,FR89 0098 2947 45OG LUFN 8LQX D57,4.51E+15,jcb,Nigxqy0X0,
PharmD,,Ms,01GYWN8W2HTPAB76VWFJQ315RW,Lissa,Amber,,Gender Fluid,,Suite 58,408 Continental Ave,,Connecticut,28210,US,,,Divorced,,GA1H5staTXFghn,Biostatistician II,53694,97871,5/11/12,418-41-3366,3/3/02,FR59 0124 6500 28CV 0SIC AUAZ T68,5.61E+16,americanexpress,XPZolizL,
PharmD,,Mr.,01GYWN8W2K5CC9B3HQCXF4Q2H0,Shalom,Jauk,,Transsexual Woman,,17th Fl,182 Reindahl Ave,,Georgia,15230,US,,,Engaged,,UFlW3aTwrum,Help Desk Operator,42273,8250,7/7/00,735-03-9363,10/16/13,GI77 QHGC PJQS BONR KHKC Y6Q,4.03E+15,jcb,HRI1IO,
MSW,,Prof.,01GYWN8W2QT1SFD1RFXG9AG0MQ,Nanon,Jean,,Trans Woman,,5th Fl,18 Springs Rd,Pompano Beach,,77095,US,,,Married,,v4VIpjwygrn,Editor,53282,4472,2/10/00,840-88-1876,7/24/19,IL68 7518 6793 4657 7863 125,2.02E+14,diners-club-enroute,cViy3old,
MFA,,Mr.,01GYWN8W2T2E3EZGGGCRSXQW0H,Elijah,Aslum,,Cisgender Man,,Rm 645,939 Schurz Pl,,Minnesota,23208,US,,,Unknown,,QPwngqwFVJven,Payment Adjustment Coordinator,50313,51976,10/29/15,818-50-6574,5/21/12,MD80 Y5OG EBVV 8LK3 O80E CTHF,6.30E+17,jcb,UJosNNW6Q0n,
EdD,,Mr.,01GYWN8W2Y7C6AV6HDBADAA9PT,Ainsley,Mance,,Neutrois,,PO Box 56189,843 Eliot Rd,Tyler,,90060,US,,,Single,,oQphPt4fqDotgeb,Financial Analyst,17205,78311,4/7/17,438-09-7917,2/19/16,LV31 UNQC 2OHC O4XD WOKF A,3.58E+15,jcb,M6i8eji2wGU,
MSW,,Ms,01GYWN8W30ZXAXM8EDBF0RNVVY,Fernandina,Philp,,Pangender,,PO Box 55979,246 Caliangt Ave,South Lake Tahoe,Florida,19178,US,,,Divorced,,1WI8hi5BMTQtngt,Legal Ass,27452,90416,2/21/10,232-79-3427,8/22/11,SK22 8984 3121 5236 3239 7104,5.02E+15,switch,nO6WkUbxQ,
DDS,,Mr.,01GYWN8W34PTTVSEY5TTVWN4HQ,Grannie,Keely,,Transsexual Woman,,Suite 47,60475 Oriole Rd,Raleigh,,77346,US,,,Separated,,St9iC49ezgndy,Senior Financial Analyst,53694,85262,10/8/12,247-57-8558,12/21/17,FR67 5046 4816 12YT 1VQ2 R83G D86,4.04E+12,jcb,2q9Gwg6BF,
PHD,,Dr.,01GYWN8W378WXDEHJ4M71385EG,Wynnie,Romao,,FTM,,Apt 1519,14 Schiller Ave,,North Carolina,31904,US,,,Separated,,uDSMe85bPKgnbty,Systems  III,56424,57605,9/20/09,240-36-2462,1/6/01,FR62 7681 5042 51D5 YMK3 UFKG U25,3.55E+15,jcb,5mLtbjQ0,
EdD,,Ms,01GYWN8W3A2SAZQ7G40GX8APP4,Aurel,Gir,,Female to Male,,PO Box 70923,046 Arizona Junc,Dallas,,89550,US,,,Married,,vleV4d93Inbtyn,Biostatistician II,99819,86185,1/27/10,480-53-9368,1/25/00,AD39 6612 9845 NEX1 VVVY BQGB,6.77E+18,laser,HFhs5JQVRDM,
MSW,,Ms,01GYWN8W3E08J0AN308J96FKZ4,Ami,Egg,,Female to Male,,Rm 622,786 Raven Dr,Jacksonville,California,60681,US,,,Single,,xVixFYsw6Jagdny,Help Desk Operator,71338,75401,5/26/09,349-41-5193,2/9/03,GT61 F1BI JL2R BL66 XANL PLE3 YKUF,6.76E+16,jcb,cDebIrCzQMZ,
PharmD,,Prof.,01GYWN8W3HAA88Y3KHBBM7TBAV,Dennis,Corzon,,Cisgender Woman,,Rm 1888,74 Kenwood Ps,,Indiana,78044,US,,,Married,,54UBmKwzQthe,Editor,42273,12576,2/12/10,676-86-7915,8/31/21,MT66 ZJXU 4269 1YNN Y2JI TINM OQK9 L6P,5.01E+15,laser,3igQhC,
IQCP,,Prof.,01GYWN8W3MQT1HR910P1YS4ZH7,Frazier,Leath,,Trans Woman,,Suite 58,14 Kinsman Alley,Los Angeles,,74141,US,,,Divorced,,QPwngqwFVJvegfbd,Payment Adjustment Coordinator,53282,21448,7/21/17,106-25-0726,8/10/08,SI73 2229 4947 8652 396,5.60E+15,jcb,BsjTF6n2S,
PHD,,Prof.,01GYWN8W3QFPJM3C3N5KHFABSF,Ulrika,Roaf,,Androgynous,,17th Fl,8247 Oxford Jun,,Virginia,95828,US,,,Engaged,,oQphPt4fqDofgbet,Financial Analyst,50313,85262,4/12/21,551-57-6901,10/8/22,FI77 2953 3926 6349 91,5.60E+15,jcb,zclfdQRSbDS,
PharmD,,Dr.,01GYWN8W3TX5AQ8CQ82CYHE8B6,Fernande,Pav,,Cisgender Man,,5th Fl,63 Pierstorff Pl,,North Carolina,75216,US,,,Married,,1WI8hi5BMTQgfby,Legal Ass,17205,57605,8/28/17,621-52-3991,10/21/09,FR59 0124 6500 28CV 0SIC AUAZ T68,5.60E+15,jcb,NkF6yAb8u,
PsyD,,Mr.,01GYWN8W3WFZ4WWMGEFH2QNETV,Boonie,Br,,Neither,,12th Fl,095 Green Cross,Pompano Beach,,13217,US,,,Unknown,,St9iC49ezfgbt,Senior Financial Analyst,27452,86185,1/13/06,737-71-7235,3/28/05,GI77 QHGC PJQS BONR KHKC Y6Q,5.60E+15,jcb,PKzrayHDbiyq,
DPT,,Mr.,01GYWN8W41VKW06A2CZDNW2YMA,Sergeant,May,,Transgender,,Suite 71,099 Gr cross,,Wisconsin,49518,US,,,Single,,uDSMe85bPKfsbt,Account Executive,42273,75401,4/29/22,617-02-4454,7/3/17,IL68 7518 6793 4657 7863 125,5.10E+15,jcb,fZec6qY,
MFA,,Dr.,01GYWN8W45CDH2X12ACDGBMEQA,Damiano,Drakes,,Cisgender,,Room 1027,097645  oarkway,Tyler,,53726,US,,,Single,,vleV4d93Ifgbte,Database Administrator II,53282,12576,10/29/12,847-87-1943,10/6/18,MD80 Y5OG EBVV 8LK3 O80E CTHF,4.03E+15,china-unionpay,7HzZjIz7h,
PsyD,,Mr.,01GYWN8VZHERZMD1YSWKD87X1A,Rosalynd,Mulroy,,Non-binary,,17th Floor,123 Blvd road,South Lake Tahoe,,77346,US,,,Divorced,,xVixFYsw6Jatfgbhg,Executive Secretary ||,50313,21448,7/3/13,725-81-0288,12/18/12,LV31 UNQC 2OHC O4XD WOKF A,2.02E+14,diners-club-carte-blanche,Nigxqy0X0,
MSW,,Ms,01GYWN8VZZ5E9GDYFAYFHBP77H,Micky,Rubinovici,,Transsexual Man,,4th Fl,6691 Mcguire Pl,Raleigh,Florida,31904,US,,,Separated,,54UBmKwzQbgrsgbt,Legal Assistant jr,17205,41594,12/11/16,694-85-5798,11/8/06,SK22 8984 3121 5236 3239 7104,6.30E+17,diners-club-enroute,XPZolizL,
EdD,,Prof.,01GYWN8W0KYKG7W2FR7MM0DS5J,Elsa,Slayford,,Transmasculine,,Apt 1809,182 Melvin Cross,,California,89550,US,,,Separated,,UJkqvjLNVGgbgsvc,Junior Executive sr,27452,7783,4/7/11,781-73-6772,10/16/15,FR67 5046 4816 12YT 1VQ2 R83G D86,3.58E+15,jcb,HRI1IO,
phd,,Prof.,01GYWN8W0SVGPTYGAJ9MF56HSR,Cecelia,Newsham,,Pangender,,5th Fl,2 2nd Dr,Dallas,,60681,US,,,Married,,DsPUUEfgbvfsdvb,Professor Phd,53694,88043,12/23/10,449-55-8128,12/19/01,FR62 7681 5042 51D5 YMK3 UFKG U25,5.02E+15,instapayment,cViy3old,
DPT,,Ms,01GYWN8W0Y4E31CJEQ3K0S2EX4,Lin,Rigney,,Two-Spirit,,Su 2,220 Rutledge Parkway,Jacksonville,Minnesota,18763,US,,,Single,,XlKDE09Pfgbfsvg,Computer Systems Analyst II,56424,29824,6/10/08,418-41-3366,6/13/22,AD39 6612 9845 NEX1 VVVY BQGB,4.04E+12,jcb,zclfdQRSbDS,
DPT,,Mr.,01GYWN8W13JYRMJX1WBPS8Z2JF,Marillin,Lampen,,Gender Questioning,,PO B 35860,049 Luster Trail,,,18763,US,,,Married,,8IDSHqZ1Efgbsvrtb,Assistant Manager Sr,99819,50468,1/13/11,735-03-9363,1/7/00,ES11 7745 2825 9424 2611 0077,3.55E+15,jcb,NkF6yAb8u,
EdD,,Mr.,01GYWN8W19J9F275XMV2BERG2G,Faw,Munkley,,Female to Male,,Su 97,811 Northridge Pk,Los Angeles,Florida,98424,US,,,Divorced,,qSAQemlJZKdfvsv,Senior Cost Accountant JR,71338,79736,5/13/11,840-88-1876,2/24/23,NL76 RDZH 8647 5835 61,6.77E+18,diners-club-carte-blanche,PKzrayHDbiyq,
MSW,,Mr.,01GYWN8W1F7DJ2A86X3PP0R24W,Will,Boomes,,Trans Woman,,5th Fl,900 Shasta Cout,,,52245,US,,,Engaged,,Jr4Zy2RPVevgyt,Internal Auditor SR,42273,20695,9/22/21,818-50-6574,9/13/07,FR25 0295 0154 51YS OSXZ 5TJ9 F39,6.76E+16,jcb,fZec6qYgfbdg,
PharmD,,Dr.,01GYWN8W1JDKVNPBXKKHRW8PXJ,Pascal,McMearty,, Fluid,,6th Fl,40 Continental Ave,Pompano Beach,North Carolina,88006,US,,,Married,,POnrPJlm32RHfcgd,Human Resources Manager SR,53282,69155,1/4/11,438-09-7917,6/21/14,GT61 F1BI JL2R BL66 XANL PLE3 YKUF,5.01E+15,laser,7HzZjIz7hfgbgdb,
IQCP,,Ms,01GYWN8W1RZKJWVC62P067MQ6M,Benj,Costa,,Transsexual Woman,,Rm 645,1862 Reindahl Ave,,,25389,US,,,Unknown,,HLLubqvdsfbbvtg,Executive Secretary ||,50313,58143,3/28/03,232-79-3427,2/18/00,MT66 ZJXU 4269 1YNN Y2JI TINM OQK9 L6P,5.60E+15,maestro,Nigxqy0X0gbgb,
PHD,,Ms,01GYWN8W1YYMSW9VY96RM9H28V,Chaddie,C.well,,Trans Woman,,PO Box 56189,1178 Springs Rd,Tyler,California,70005,US,,,Single,,ZJT2zpiYQ7Vmdcv,Structural Engineer Jr,17205,97871,3/7/13,247-57-8558,4/16/16,SI73 2229 4947 8652 396,5.60E+15,visa-electron,XPZolizLvfgb,
PharmD,,Mr.,01GYWN8W23D628YA8DB7DV063A,Field,Macguire,,Cisgender,,PO Box 55979,939 Schurz Pl,South Lake Tahoe,Indiana,93150,US,,,Separated,,jYharnnpxdscd,Account ExecutiveJR,27452,8250,10/4/05,118-16-9511,12/8/14,FI77 2953 3926 6349 91,5.60E+15,jcb,HRI1IOvfgb,
PsyD,,Dr.,01GYWN8W29RBSMBAH9298VDTNN,Kym,Rock,,Neutrois,,Suite 47,843 Eliot Rd,Raleigh,,2216,US,,,Married,,sYI7bwjgsdvdfrt,Statistician II,53694,4472,8/1/18,253-15-6873,7/17/08,FR59 0124 6500 28CV 0SIC AUAZ T68,5.60E+15,americanexpress,vfv,
DPT,,Prof.,01GYWN8W2FMR3Y55THQQ6TR4Z0,Sib,Slay,,Pangender,,Apt 1519,276 Caliangt Ave,,Virginia,10155,US,,,Single,,ZnQJN7iB11,Teacher Asst,56424,51976,3/12/18,675-71-3319,2/1/05,GI77 QHGC PJQS BONR KHKC Y6Q,5.10E+15,jcb,UJosNNW6Q0nvcrv,
MFA,,Dr.,01GYWN8W2MB5Z0MDFK1T0ZREDW,Nicho,Mul,, Woman,,PO Box 70923,675 Oriole Rd,Dallas,North Carolina,12237,US,,,Married,,CTmPEL3N23,Senior Cost Accountant Sr,99819,78311,9/22/13,508-87-6077,11/24/21,IL68 7518 6793 4657 7863 125,5.10E+15,diners-club-enroute,M6i8eji2wGUcerc,
PsyD,,Mr.,01GYWN8W2SF4XMK8RR349VB9FJ,M.rick,Roy,,FTM,,Rm 1888,184 Schiller Ave,Jacksonville,,78721,US,,,Divorced,,gfsjbvur,Recruiting Manager Sr,71338,90416,5/13/00,526-77-3905,6/26/12,MD80 Y5OG EBVV 8LK3 O80E CTHF,3.54E+15,jcb,asdasd,
,,,,,,,,,,,,,,,,,,,,,,,,,,,,,,
,,,,,,,,,,,,,,,,,,,,,,,,,,,,,,
,,,,,,,,,,,,,,,,,,,,,,,,,,,,,,
,,,,,,,,,,,,,,,,,,,,,,,,,,,,,,
,,,,,,,,,,,,,,,,,,,,,,,,,,,,,,
,,,,,,,,,,,,,,,,,,,,,,,,,,,,,,
,,,,,,,,,,,,,,,,,,,,,,,,,,,,,,
,,,,,,,,,,,,,,,,,,,,,,,,,,,,,,
,,,,,,,,,,,,,,,,,,,,,,,,,,,,,,
,,,,,,,,,,,,,,,,,,,,,,,,,,,,,,
,,,,,,,,,,,,,,,,,,,,,,,,,,,,,,
,,,,,,,,,,,,,,,,,,,,,,,,,,,,,,
,,,,,,,,,,,,,,,,,,,,,,,,,,,,,,
,,,,,,,,,,,,,,,,,,,,,,,,,,,,,,
,,,,,,,,,,,,,,,,,,,,,,,,,,,,,,
,,,,,,,,,,,,,,,,,,,,,,,,,,,,,,
,,,,,,,,,,,,,,,,,,,,,,,,,,,,,,
,,,,,,,,,,,,,,,,,,,,,,,,,,,,,,
,,,,,,,,,,,,,,,,,,,,,,,,,,,,,,
,,,,,,,,,,,,,,,,,,,,,,,,,,,,,,
,,,,,,,,,,,,,,,,,,,,,,,,,,,,,,
,,,,,,,,,,,,,,,,,,,,,,,,,,,,,,
,,,,,,,,,,,,,,,,,,,,,,,,,,,,,,
,,,,,,,,,,,,,,,,,,,,,,,,,,,,,,
,,,,,,,,,,,,,,,,,,,,,,,,,,,,,,
,,,,,,,,,,,,,,,,,,,,,,,,,,,,,,
,,,,,,,,,,,,,,,,,,,,,,,,,,,,,,
,,,,,,,,,,,,,,,,,,,,,,,,,,,,,,
,,,,,,,,,,,,,,,,,,,,,,,,,,,,,,
,,,,,,,,,,,,,,,,,,,,,,,,,,,,,,
,,,,,,,,,,,,,,,,,,,,,,,,,,,,,,
,,,,,,,,,,,,,,,,,,,,,,,,,,,,,,
,,,,,,,,,,,,,,,,,,,,,,,,,,,,,,
,,,,,,,,,,,,,,,,,,,,,,,,,,,,,,
,,,,,,,,,,,,,,,,,,,,,,,,,,,,,,
,,,,,,,,,,,,,,,,,,,,,,,,,,,,,,
,,,,,,,,,,,,,,,,,,,,,,,,,,,,,,
,,,,,,,,,,,,,,,,,,,,,,,,,,,,,,
,,,,,,,,,,,,,,,,,,,,,,,,,,,,,,
,,,,,,,,,,,,,,,,,,,,,,,,,,,,,,
,,,,,,,,,,,,,,,,,,,,,,,,,,,,,,
,,,,,,,,,,,,,,,,,,,,,,,,,,,,,,
,,,,,,,,,,,,,,,,,,,,,,,,,,,,,,
,,,,,,,,,,,,,,,,,,,,,,,,,,,,,,
,,,,,,,,,,,,,,,,,,,,,,,,,,,,,,
,,,,,,,,,,,,,,,,,,,,,,,,,,,,,,
,,,,,,,,,,,,,,,,,,,,,,,,,,,,,,
,,,,,,,,,,,,,,,,,,,,,,,,,,,,,,
,,,,,,,,,,,,,,,,,,,,,,,,,,,,,,
,,,,,,,,,,,,,,,,,,,,,,,,,,,,,,
,,,,,,,,,,,,,,,,,,,,,,,,,,,,,,
,,,,,,,,,,,,,,,,,,,,,,,,,,,,,,
,,,,,,,,,,,,,,,,,,,,,,,,,,,,,,
,,,,,,,,,,,,,,,,,,,,,,,,,,,,,,
,,,,,,,,,,,,,,,,,,,,,,,,,,,,,,
,,,,,,,,,,,,,,,,,,,,,,,,,,,,,,
,,,,,,,,,,,,,,,,,,,,,,,,,,,,,,
,,,,,,,,,,,,,,,,,,,,,,,,,,,,,,
,,,,,,,,,,,,,,,,,,,,,,,,,,,,,,
,,,,,,,,,,,,,,,,,,,,,,,,,,,,,,
,,,,,,,,,,,,,,,,,,,,,,,,,,,,,,
,,,,,,,,,,,,,,,,,,,,,,,,,,,,,,
,,,,,,,,,,,,,,,,,,,,,,,,,,,,,,
,,,,,,,,,,,,,,,,,,,,,,,,,,,,,,
,,,,,,,,,,,,,,,,,,,,,,,,,,,,,,
,,,,,,,,,,,,,,,,,,,,,,,,,,,,,,
,,,,,,,,,,,,,,,,,,,,,,,,,,,,,,
,,,,,,,,,,,,,,,,,,,,,,,,,,,,,,
,,,,,,,,,,,,,,,,,,,,,,,,,,,,,,
,,,,,,,,,,,,,,,,,,,,,,,,,,,,,,
,,,,,,,,,,,,,,,,,,,,,,,,,,,,,,
,,,,,,,,,,,,,,,,,,,,,,,,,,,,,,
,,,,,,,,,,,,,,,,,,,,,,,,,,,,,,
,,,,,,,,,,,,,,,,,,,,,,,,,,,,,,
,,,,,,,,,,,,,,,,,,,,,,,,,,,,,,
,,,,,,,,,,,,,,,,,,,,,,,,,,,,,,
,,,,,,,,,,,,,,,,,,,,,,,,,,,,,,
,,,,,,,,,,,,,,,,,,,,,,,,,,,,,,
,,,,,,,,,,,,,,,,,,,,,,,,,,,,,,
,,,,,,,,,,,,,,,,,,,,,,,,,,,,,,
,,,,,,,,,,,,,,,,,,,,,,,,,,,,,,
,,,,,,,,,,,,,,,,,,,,,,,,,,,,,,
,,,,,,,,,,,,,,,,,,,,,,,,,,,,,,
,,,,,,,,,,,,,,,,,,,,,,,,,,,,,,
,,,,,,,,,,,,,,,,,,,,,,,,,,,,,,
,,,,,,,,,,,,,,,,,,,,,,,,,,,,,,
,,,,,,,,,,,,,,,,,,,,,,,,,,,,,,
,,,,,,,,,,,,,,,,,,,,,,,,,,,,,,
,,,,,,,,,,,,,,,,,,,,,,,,,,,,,,
,,,,,,,,,,,,,,,,,,,,,,,,,,,,,,
,,,,,,,,,,,,,,,,,,,,,,,,,,,,,,
,,,,,,,,,,,,,,,,,,,,,,,,,,,,,,
,,,,,,,,,,,,,,,,,,,,,,,,,,,,,,
,,,,,,,,,,,,,,,,,,,,,,,,,,,,,,
,,,,,,,,,,,,,,,,,,,,,,,,,,,,,,
,,,,,,,,,,,,,,,,,,,,,,,,,,,,,,
,,,,,,,,,,,,,,,,,,,,,,,,,,,,,,
,,,,,,,,,,,,,,,,,,,,,,,,,,,,,,
,,,,,,,,,,,,,,,,,,,,,,,,,,,,,,
,,,,,,,,,,,,,,,,,,,,,,,,,,,,,,
,,,,,,,,,,,,,,,,,,,,,,,,,,,,,,
,,,,,,,,,,,,,,,,,,,,,,,,,,,,,,
,,,,,,,,,,,,,,,,,,,,,,,,,,,,,,
,,,,,,,,,,,,,,,,,,,,,,,,,,,,,,
,,,,,,,,,,,,,,,,,,,,,,,,,,,,,,
,,,,,,,,,,,,,,,,,,,,,,,,,,,,,,
,,,,,,,,,,,,,,,,,,,,,,,,,,,,,,
,,,,,,,,,,,,,,,,,,,,,,,,,,,,,,
,,,,,,,,,,,,,,,,,,,,,,,,,,,,,,
,,,,,,,,,,,,,,,,,,,,,,,,,,,,,,
,,,,,,,,,,,,,,,,,,,,,,,,,,,,,,
,,,,,,,,,,,,,,,,,,,,,,,,,,,,,,
,,,,,,,,,,,,,,,,,,,,,,,,,,,,,,
,,,,,,,,,,,,,,,,,,,,,,,,,,,,,,
,,,,,,,,,,,,,,,,,,,,,,,,,,,,,,
,,,,,,,,,,,,,,,,,,,,,,,,,,,,,,
,,,,,,,,,,,,,,,,,,,,,,,,,,,,,,
,,,,,,,,,,,,,,,,,,,,,,,,,,,,,,
,,,,,,,,,,,,,,,,,,,,,,,,,,,,,,
,,,,,,,,,,,,,,,,,,,,,,,,,,,,,,
,,,,,,,,,,,,,,,,,,,,,,,,,,,,,,
,,,,,,,,,,,,,,,,,,,,,,,,,,,,,,
,,,,,,,,,,,,,,,,,,,,,,,,,,,,,,
,,,,,,,,,,,,,,,,,,,,,,,,,,,,,,
,,,,,,,,,,,,,,,,,,,,,,,,,,,,,,
,,,,,,,,,,,,,,,,,,,,,,,,,,,,,,
,,,,,,,,,,,,,,,,,,,,,,,,,,,,,,
,,,,,,,,,,,,,,,,,,,,,,,,,,,,,,
,,,,,,,,,,,,,,,,,,,,,,,,,,,,,,
,,,,,,,,,,,,,,,,,,,,,,,,,,,,,,
,,,,,,,,,,,,,,,,,,,,,,,,,,,,,,
,,,,,,,,,,,,,,,,,,,,,,,,,,,,,,
,,,,,,,,,,,,,,,,,,,,,,,,,,,,,,
,,,,,,,,,,,,,,,,,,,,,,,,,,,,,,
,,,,,,,,,,,,,,,,,,,,,,,,,,,,,,
,,,,,,,,,,,,,,,,,,,,,,,,,,,,,,
,,,,,,,,,,,,,,,,,,,,,,,,,,,,,,
,,,,,,,,,,,,,,,,,,,,,,,,,,,,,,
,,,,,,,,,,,,,,,,,,,,,,,,,,,,,,
,,,,,,,,,,,,,,,,,,,,,,,,,,,,,,
,,,,,,,,,,,,,,,,,,,,,,,,,,,,,,
,,,,,,,,,,,,,,,,,,,,,,,,,,,,,,
,,,,,,,,,,,,,,,,,,,,,,,,,,,,,,
,,,,,,,,,,,,,,,,,,,,,,,,,,,,,,
,,,,,,,,,,,,,,,,,,,,,,,,,,,,,,
,,,,,,,,,,,,,,,,,,,,,,,,,,,,,,
,,,,,,,,,,,,,,,,,,,,,,,,,,,,,,
,,,,,,,,,,,,,,,,,,,,,,,,,,,,,,
,,,,,,,,,,,,,,,,,,,,,,,,,,,,,,
,,,,,,,,,,,,,,,,,,,,,,,,,,,,,,
,,,,,,,,,,,,,,,,,,,,,,,,,,,,,,
,,,,,,,,,,,,,,,,,,,,,,,,,,,,,,
,,,,,,,,,,,,,,,,,,,,,,,,,,,,,,
,,,,,,,,,,,,,,,,,,,,,,,,,,,,,,
,,,,,,,,,,,,,,,,,,,,,,,,,,,,,,
,,,,,,,,,,,,,,,,,,,,,,,,,,,,,,
,,,,,,,,,,,,,,,,,,,,,,,,,,,,,,
,,,,,,,,,,,,,,,,,,,,,,,,,,,,,,
,,,,,,,,,,,,,,,,,,,,,,,,,,,,,,
,,,,,,,,,,,,,,,,,,,,,,,,,,,,,,
,,,,,,,,,,,,,,,,,,,,,,,,,,,,,,
,,,,,,,,,,,,,,,,,,,,,,,,,,,,,,
,,,,,,,,,,,,,,,,,,,,,,,,,,,,,,
,,,,,,,,,,,,,,,,,,,,,,,,,,,,,,
,,,,,,,,,,,,,,,,,,,,,,,,,,,,,,
,,,,,,,,,,,,,,,,,,,,,,,,,,,,,,
,,,,,,,,,,,,,,,,,,,,,,,,,,,,,,
,,,,,,,,,,,,,,,,,,,,,,,,,,,,,,
,,,,,,,,,,,,,,,,,,,,,,,,,,,,,,
,,,,,,,,,,,,,,,,,,,,,,,,,,,,,,
,,,,,,,,,,,,,,,,,,,,,,,,,,,,,,
,,,,,,,,,,,,,,,,,,,,,,,,,,,,,,
,,,,,,,,,,,,,,,,,,,,,,,,,,,,,,
,,,,,,,,,,,,,,,,,,,,,,,,,,,,,,
,,,,,,,,,,,,,,,,,,,,,,,,,,,,,,
,,,,,,,,,,,,,,,,,,,,,,,,,,,,,,
,,,,,,,,,,,,,,,,,,,,,,,,,,,,,,
,,,,,,,,,,,,,,,,,,,,,,,,,,,,,,
,,,,,,,,,,,,,,,,,,,,,,,,,,,,,,
,,,,,,,,,,,,,,,,,,,,,,,,,,,,,,
,,,,,,,,,,,,,,,,,,,,,,,,,,,,,,
,,,,,,,,,,,,,,,,,,,,,,,,,,,,,,
,,,,,,,,,,,,,,,,,,,,,,,,,,,,,,
,,,,,,,,,,,,,,,,,,,,,,,,,,,,,,
,,,,,,,,,,,,,,,,,,,,,,,,,,,,,,
,,,,,,,,,,,,,,,,,,,,,,,,,,,,,,
,,,,,,,,,,,,,,,,,,,,,,,,,,,,,,
,,,,,,,,,,,,,,,,,,,,,,,,,,,,,,
,,,,,,,,,,,,,,,,,,,,,,,,,,,,,,
,,,,,,,,,,,,,,,,,,,,,,,,,,,,,,
,,,,,,,,,,,,,,,,,,,,,,,,,,,,,,
,,,,,,,,,,,,,,,,,,,,,,,,,,,,,,
,,,,,,,,,,,,,,,,,,,,,,,,,,,,,,
,,,,,,,,,,,,,,,,,,,,,,,,,,,,,,
,,,,,,,,,,,,,,,,,,,,,,,,,,,,,,
,,,,,,,,,,,,,,,,,,,,,,,,,,,,,,
,,,,,,,,,,,,,,,,,,,,,,,,,,,,,,
,,,,,,,,,,,,,,,,,,,,,,,,,,,,,,
,,,,,,,,,,,,,,,,,,,,,,,,,,,,,,
,,,,,,,,,,,,,,,,,,,,,,,,,,,,,,
,,,,,,,,,,,,,,,,,,,,,,,,,,,,,,
,,,,,,,,,,,,,,,,,,,,,,,,,,,,,,
,,,,,,,,,,,,,,,,,,,,,,,,,,,,,,
,,,,,,,,,,,,,,,,,,,,,,,,,,,,,,
,,,,,,,,,,,,,,,,,,,,,,,,,,,,,,
,,,,,,,,,,,,,,,,,,,,,,,,,,,,,,
,,,,,,,,,,,,,,,,,,,,,,,,,,,,,,
,,,,,,,,,,,,,,,,,,,,,,,,,,,,,,
,,,,,,,,,,,,,,,,,,,,,,,,,,,,,,
,,,,,,,,,,,,,,,,,,,,,,,,,,,,,,
,,,,,,,,,,,,,,,,,,,,,,,,,,,,,,
,,,,,,,,,,,,,,,,,,,,,,,,,,,,,,
,,,,,,,,,,,,,,,,,,,,,,,,,,,,,,
,,,,,,,,,,,,,,,,,,,,,,,,,,,,,,
,,,,,,,,,,,,,,,,,,,,,,,,,,,,,,
,,,,,,,,,,,,,,,,,,,,,,,,,,,,,,
,,,,,,,,,,,,,,,,,,,,,,,,,,,,,,
,,,,,,,,,,,,,,,,,,,,,,,,,,,,,,
,,,,,,,,,,,,,,,,,,,,,,,,,,,,,,
,,,,,,,,,,,,,,,,,,,,,,,,,,,,,,
,,,,,,,,,,,,,,,,,,,,,,,,,,,,,,
,,,,,,,,,,,,,,,,,,,,,,,,,,,,,,
,,,,,,,,,,,,,,,,,,,,,,,,,,,,,,
,,,,,,,,,,,,,,,,,,,,,,,,,,,,,,
,,,,,,,,,,,,,,,,,,,,,,,,,,,,,,
,,,,,,,,,,,,,,,,,,,,,,,,,,,,,,
,,,,,,,,,,,,,,,,,,,,,,,,,,,,,,
,,,,,,,,,,,,,,,,,,,,,,,,,,,,,,
,,,,,,,,,,,,,,,,,,,,,,,,,,,,,,
,,,,,,,,,,,,,,,,,,,,,,,,,,,,,,
,,,,,,,,,,,,,,,,,,,,,,,,,,,,,,
,,,,,,,,,,,,,,,,,,,,,,,,,,,,,,
,,,,,,,,,,,,,,,,,,,,,,,,,,,,,,
,,,,,,,,,,,,,,,,,,,,,,,,,,,,,,
,,,,,,,,,,,,,,,,,,,,,,,,,,,,,,
,,,,,,,,,,,,,,,,,,,,,,,,,,,,,,
,,,,,,,,,,,,,,,,,,,,,,,,,,,,,,
,,,,,,,,,,,,,,,,,,,,,,,,,,,,,,
,,,,,,,,,,,,,,,,,,,,,,,,,,,,,,
,,,,,,,,,,,,,,,,,,,,,,,,,,,,,,
,,,,,,,,,,,,,,,,,,,,,,,,,,,,,,
,,,,,,,,,,,,,,,,,,,,,,,,,,,,,,
,,,,,,,,,,,,,,,,,,,,,,,,,,,,,,
,,,,,,,,,,,,,,,,,,,,,,,,,,,,,,
,,,,,,,,,,,,,,,,,,,,,,,,,,,,,,
,,,,,,,,,,,,,,,,,,,,,,,,,,,,,,
,,,,,,,,,,,,,,,,,,,,,,,,,,,,,,
,,,,,,,,,,,,,,,,,,,,,,,,,,,,,,
,,,,,,,,,,,,,,,,,,,,,,,,,,,,,,
,,,,,,,,,,,,,,,,,,,,,,,,,,,,,,
,,,,,,,,,,,,,,,,,,,,,,,,,,,,,,
,,,,,,,,,,,,,,,,,,,,,,,,,,,,,,
,,,,,,,,,,,,,,,,,,,,,,,,,,,,,,
,,,,,,,,,,,,,,,,,,,,,,,,,,,,,,
,,,,,,,,,,,,,,,,,,,,,,,,,,,,,,
,,,,,,,,,,,,,,,,,,,,,,,,,,,,,,
,,,,,,,,,,,,,,,,,,,,,,,,,,,,,,
,,,,,,,,,,,,,,,,,,,,,,,,,,,,,,
,,,,,,,,,,,,,,,,,,,,,,,,,,,,,,
,,,,,,,,,,,,,,,,,,,,,,,,,,,,,,
,,,,,,,,,,,,,,,,,,,,,,,,,,,,,,
,,,,,,,,,,,,,,,,,,,,,,,,,,,,,,
,,,,,,,,,,,,,,,,,,,,,,,,,,,,,,
,,,,,,,,,,,,,,,,,,,,,,,,,,,,,,
,,,,,,,,,,,,,,,,,,,,,,,,,,,,,,
,,,,,,,,,,,,,,,,,,,,,,,,,,,,,,
,,,,,,,,,,,,,,,,,,,,,,,,,,,,,,
,,,,,,,,,,,,,,,,,,,,,,,,,,,,,,
,,,,,,,,,,,,,,,,,,,,,,,,,,,,,,
,,,,,,,,,,,,,,,,,,,,,,,,,,,,,,
,,,,,,,,,,,,,,,,,,,,,,,,,,,,,,
,,,,,,,,,,,,,,,,,,,,,,,,,,,,,,
,,,,,,,,,,,,,,,,,,,,,,,,,,,,,,
,,,,,,,,,,,,,,,,,,,,,,,,,,,,,,
,,,,,,,,,,,,,,,,,,,,,,,,,,,,,,
,,,,,,,,,,,,,,,,,,,,,,,,,,,,,,
,,,,,,,,,,,,,,,,,,,,,,,,,,,,,,
,,,,,,,,,,,,,,,,,,,,,,,,,,,,,,
,,,,,,,,,,,,,,,,,,,,,,,,,,,,,,
,,,,,,,,,,,,,,,,,,,,,,,,,,,,,,
,,,,,,,,,,,,,,,,,,,,,,,,,,,,,,
,,,,,,,,,,,,,,,,,,,,,,,,,,,,,,
,,,,,,,,,,,,,,,,,,,,,,,,,,,,,,
,,,,,,,,,,,,,,,,,,,,,,,,,,,,,,
,,,,,,,,,,,,,,,,,,,,,,,,,,,,,,
,,,,,,,,,,,,,,,,,,,,,,,,,,,,,,
,,,,,,,,,,,,,,,,,,,,,,,,,,,,,,
,,,,,,,,,,,,,,,,,,,,,,,,,,,,,,
,,,,,,,,,,,,,,,,,,,,,,,,,,,,,,
,,,,,,,,,,,,,,,,,,,,,,,,,,,,,,
,,,,,,,,,,,,,,,,,,,,,,,,,,,,,,
,,,,,,,,,,,,,,,,,,,,,,,,,,,,,,
,,,,,,,,,,,,,,,,,,,,,,,,,,,,,,
,,,,,,,,,,,,,,,,,,,,,,,,,,,,,,
,,,,,,,,,,,,,,,,,,,,,,,,,,,,,,
,,,,,,,,,,,,,,,,,,,,,,,,,,,,,,
,,,,,,,,,,,,,,,,,,,,,,,,,,,,,,
,,,,,,,,,,,,,,,,,,,,,,,,,,,,,,
,,,,,,,,,,,,,,,,,,,,,,,,,,,,,,
,,,,,,,,,,,,,,,,,,,,,,,,,,,,,,
,,,,,,,,,,,,,,,,,,,,,,,,,,,,,,
,,,,,,,,,,,,,,,,,,,,,,,,,,,,,,
,,,,,,,,,,,,,,,,,,,,,,,,,,,,,,
,,,,,,,,,,,,,,,,,,,,,,,,,,,,,,
,,,,,,,,,,,,,,,,,,,,,,,,,,,,,,
,,,,,,,,,,,,,,,,,,,,,,,,,,,,,,
,,,,,,,,,,,,,,,,,,,,,,,,,,,,,,
,,,,,,,,,,,,,,,,,,,,,,,,,,,,,,
,,,,,,,,,,,,,,,,,,,,,,,,,,,,,,
,,,,,,,,,,,,,,,,,,,,,,,,,,,,,,
,,,,,,,,,,,,,,,,,,,,,,,,,,,,,,
,,,,,,,,,,,,,,,,,,,,,,,,,,,,,,
,,,,,,,,,,,,,,,,,,,,,,,,,,,,,,
,,,,,,,,,,,,,,,,,,,,,,,,,,,,,,
,,,,,,,,,,,,,,,,,,,,,,,,,,,,,,
,,,,,,,,,,,,,,,,,,,,,,,,,,,,,,
,,,,,,,,,,,,,,,,,,,,,,,,,,,,,,
,,,,,,,,,,,,,,,,,,,,,,,,,,,,,,
,,,,,,,,,,,,,,,,,,,,,,,,,,,,,,
,,,,,,,,,,,,,,,,,,,,,,,,,,,,,,
,,,,,,,,,,,,,,,,,,,,,,,,,,,,,,
,,,,,,,,,,,,,,,,,,,,,,,,,,,,,,
,,,,,,,,,,,,,,,,,,,,,,,,,,,,,,
,,,,,,,,,,,,,,,,,,,,,,,,,,,,,,
,,,,,,,,,,,,,,,,,,,,,,,,,,,,,,
,,,,,,,,,,,,,,,,,,,,,,,,,,,,,,
,,,,,,,,,,,,,,,,,,,,,,,,,,,,,,
,,,,,,,,,,,,,,,,,,,,,,,,,,,,,,
,,,,,,,,,,,,,,,,,,,,,,,,,,,,,,
,,,,,,,,,,,,,,,,,,,,,,,,,,,,,,
,,,,,,,,,,,,,,,,,,,,,,,,,,,,,,
,,,,,,,,,,,,,,,,,,,,,,,,,,,,,,
,,,,,,,,,,,,,,,,,,,,,,,,,,,,,,
,,,,,,,,,,,,,,,,,,,,,,,,,,,,,,
,,,,,,,,,,,,,,,,,,,,,,,,,,,,,,
,,,,,,,,,,,,,,,,,,,,,,,,,,,,,,
,,,,,,,,,,,,,,,,,,,,,,,,,,,,,,
,,,,,,,,,,,,,,,,,,,,,,,,,,,,,,
,,,,,,,,,,,,,,,,,,,,,,,,,,,,,,
,,,,,,,,,,,,,,,,,,,,,,,,,,,,,,
,,,,,,,,,,,,,,,,,,,,,,,,,,,,,,
,,,,,,,,,,,,,,,,,,,,,,,,,,,,,,
,,,,,,,,,,,,,,,,,,,,,,,,,,,,,,
,,,,,,,,,,,,,,,,,,,,,,,,,,,,,,
,,,,,,,,,,,,,,,,,,,,,,,,,,,,,,
,,,,,,,,,,,,,,,,,,,,,,,,,,,,,,
,,,,,,,,,,,,,,,,,,,,,,,,,,,,,,
,,,,,,,,,,,,,,,,,,,,,,,,,,,,,,
,,,,,,,,,,,,,,,,,,,,,,,,,,,,,,
,,,,,,,,,,,,,,,,,,,,,,,,,,,,,,
,,,,,,,,,,,,,,,,,,,,,,,,,,,,,,
,,,,,,,,,,,,,,,,,,,,,,,,,,,,,,
,,,,,,,,,,,,,,,,,,,,,,,,,,,,,,
,,,,,,,,,,,,,,,,,,,,,,,,,,,,,,
,,,,,,,,,,,,,,,,,,,,,,,,,,,,,,
,,,,,,,,,,,,,,,,,,,,,,,,,,,,,,
,,,,,,,,,,,,,,,,,,,,,,,,,,,,,,
,,,,,,,,,,,,,,,,,,,,,,,,,,,,,,
,,,,,,,,,,,,,,,,,,,,,,,,,,,,,,
,,,,,,,,,,,,,,,,,,,,,,,,,,,,,,
,,,,,,,,,,,,,,,,,,,,,,,,,,,,,,
,,,,,,,,,,,,,,,,,,,,,,,,,,,,,,
,,,,,,,,,,,,,,,,,,,,,,,,,,,,,,
,,,,,,,,,,,,,,,,,,,,,,,,,,,,,,
,,,,,,,,,,,,,,,,,,,,,,,,,,,,,,
,,,,,,,,,,,,,,,,,,,,,,,,,,,,,,
,,,,,,,,,,,,,,,,,,,,,,,,,,,,,,
,,,,,,,,,,,,,,,,,,,,,,,,,,,,,,
,,,,,,,,,,,,,,,,,,,,,,,,,,,,,,
,,,,,,,,,,,,,,,,,,,,,,,,,,,,,,
,,,,,,,,,,,,,,,,,,,,,,,,,,,,,,
,,,,,,,,,,,,,,,,,,,,,,,,,,,,,,
,,,,,,,,,,,,,,,,,,,,,,,,,,,,,,
,,,,,,,,,,,,,,,,,,,,,,,,,,,,,,
,,,,,,,,,,,,,,,,,,,,,,,,,,,,,,
,,,,,,,,,,,,,,,,,,,,,,,,,,,,,,
,,,,,,,,,,,,,,,,,,,,,,,,,,,,,,
,,,,,,,,,,,,,,,,,,,,,,,,,,,,,,
,,,,,,,,,,,,,,,,,,,,,,,,,,,,,,
,,,,,,,,,,,,,,,,,,,,,,,,,,,,,,
,,,,,,,,,,,,,,,,,,,,,,,,,,,,,,
,,,,,,,,,,,,,,,,,,,,,,,,,,,,,,
,,,,,,,,,,,,,,,,,,,,,,,,,,,,,,
,,,,,,,,,,,,,,,,,,,,,,,,,,,,,,
,,,,,,,,,,,,,,,,,,,,,,,,,,,,,,
,,,,,,,,,,,,,,,,,,,,,,,,,,,,,,
,,,,,,,,,,,,,,,,,,,,,,,,,,,,,,
,,,,,,,,,,,,,,,,,,,,,,,,,,,,,,
,,,,,,,,,,,,,,,,,,,,,,,,,,,,,,
,,,,,,,,,,,,,,,,,,,,,,,,,,,,,,
,,,,,,,,,,,,,,,,,,,,,,,,,,,,,,
,,,,,,,,,,,,,,,,,,,,,,,,,,,,,,
,,,,,,,,,,,,,,,,,,,,,,,,,,,,,,
,,,,,,,,,,,,,,,,,,,,,,,,,,,,,,
,,,,,,,,,,,,,,,,,,,,,,,,,,,,,,
,,,,,,,,,,,,,,,,,,,,,,,,,,,,,,
,,,,,,,,,,,,,,,,,,,,,,,,,,,,,,
,,,,,,,,,,,,,,,,,,,,,,,,,,,,,,
,,,,,,,,,,,,,,,,,,,,,,,,,,,,,,
,,,,,,,,,,,,,,,,,,,,,,,,,,,,,,
,,,,,,,,,,,,,,,,,,,,,,,,,,,,,,
,,,,,,,,,,,,,,,,,,,,,,,,,,,,,,
,,,,,,,,,,,,,,,,,,,,,,,,,,,,,,
,,,,,,,,,,,,,,,,,,,,,,,,,,,,,,
,,,,,,,,,,,,,,,,,,,,,,,,,,,,,,
,,,,,,,,,,,,,,,,,,,,,,,,,,,,,,
,,,,,,,,,,,,,,,,,,,,,,,,,,,,,,
,,,,,,,,,,,,,,,,,,,,,,,,,,,,,,
,,,,,,,,,,,,,,,,,,,,,,,,,,,,,,
,,,,,,,,,,,,,,,,,,,,,,,,,,,,,,
,,,,,,,,,,,,,,,,,,,,,,,,,,,,,,
,,,,,,,,,,,,,,,,,,,,,,,,,,,,,,
,,,,,,,,,,,,,,,,,,,,,,,,,,,,,,
,,,,,,,,,,,,,,,,,,,,,,,,,,,,,,
,,,,,,,,,,,,,,,,,,,,,,,,,,,,,,
,,,,,,,,,,,,,,,,,,,,,,,,,,,,,,
,,,,,,,,,,,,,,,,,,,,,,,,,,,,,,
,,,,,,,,,,,,,,,,,,,,,,,,,,,,,,
,,,,,,,,,,,,,,,,,,,,,,,,,,,,,,
,,,,,,,,,,,,,,,,,,,,,,,,,,,,,,
,,,,,,,,,,,,,,,,,,,,,,,,,,,,,,
,,,,,,,,,,,,,,,,,,,,,,,,,,,,,,
,,,,,,,,,,,,,,,,,,,,,,,,,,,,,,
,,,,,,,,,,,,,,,,,,,,,,,,,,,,,,
,,,,,,,,,,,,,,,,,,,,,,,,,,,,,,
,,,,,,,,,,,,,,,,,,,,,,,,,,,,,,
,,,,,,,,,,,,,,,,,,,,,,,,,,,,,,
,,,,,,,,,,,,,,,,,,,,,,,,,,,,,,
,,,,,,,,,,,,,,,,,,,,,,,,,,,,,,
,,,,,,,,,,,,,,,,,,,,,,,,,,,,,,
,,,,,,,,,,,,,,,,,,,,,,,,,,,,,,
,,,,,,,,,,,,,,,,,,,,,,,,,,,,,,
,,,,,,,,,,,,,,,,,,,,,,,,,,,,,,
,,,,,,,,,,,,,,,,,,,,,,,,,,,,,,
,,,,,,,,,,,,,,,,,,,,,,,,,,,,,,
,,,,,,,,,,,,,,,,,,,,,,,,,,,,,,
,,,,,,,,,,,,,,,,,,,,,,,,,,,,,,
,,,,,,,,,,,,,,,,,,,,,,,,,,,,,,
,,,,,,,,,,,,,,,,,,,,,,,,,,,,,,
,,,,,,,,,,,,,,,,,,,,,,,,,,,,,,
,,,,,,,,,,,,,,,,,,,,,,,,,,,,,,
,,,,,,,,,,,,,,,,,,,,,,,,,,,,,,
,,,,,,,,,,,,,,,,,,,,,,,,,,,,,,
,,,,,,,,,,,,,,,,,,,,,,,,,,,,,,
,,,,,,,,,,,,,,,,,,,,,,,,,,,,,,
,,,,,,,,,,,,,,,,,,,,,,,,,,,,,,
,,,,,,,,,,,,,,,,,,,,,,,,,,,,,,
,,,,,,,,,,,,,,,,,,,,,,,,,,,,,,
,,,,,,,,,,,,,,,,,,,,,,,,,,,,,,
,,,,,,,,,,,,,,,,,,,,,,,,,,,,,,
,,,,,,,,,,,,,,,,,,,,,,,,,,,,,,
,,,,,,,,,,,,,,,,,,,,,,,,,,,,,,
,,,,,,,,,,,,,,,,,,,,,,,,,,,,,,
,,,,,,,,,,,,,,,,,,,,,,,,,,,,,,
,,,,,,,,,,,,,,,,,,,,,,,,,,,,,,
,,,,,,,,,,,,,,,,,,,,,,,,,,,,,,
,,,,,,,,,,,,,,,,,,,,,,,,,,,,,,
,,,,,,,,,,,,,,,,,,,,,,,,,,,,,,
,,,,,,,,,,,,,,,,,,,,,,,,,,,,,,
,,,,,,,,,,,,,,,,,,,,,,,,,,,,,,
,,,,,,,,,,,,,,,,,,,,,,,,,,,,,,
,,,,,,,,,,,,,,,,,,,,,,,,,,,,,,
,,,,,,,,,,,,,,,,,,,,,,,,,,,,,,
,,,,,,,,,,,,,,,,,,,,,,,,,,,,,,
,,,,,,,,,,,,,,,,,,,,,,,,,,,,,,
,,,,,,,,,,,,,,,,,,,,,,,,,,,,,,
,,,,,,,,,,,,,,,,,,,,,,,,,,,,,,
,,,,,,,,,,,,,,,,,,,,,,,,,,,,,,
,,,,,,,,,,,,,,,,,,,,,,,,,,,,,,
,,,,,,,,,,,,,,,,,,,,,,,,,,,,,,
,,,,,,,,,,,,,,,,,,,,,,,,,,,,,,
,,,,,,,,,,,,,,,,,,,,,,,,,,,,,,
,,,,,,,,,,,,,,,,,,,,,,,,,,,,,,
,,,,,,,,,,,,,,,,,,,,,,,,,,,,,,
,,,,,,,,,,,,,,,,,,,,,,,,,,,,,,
,,,,,,,,,,,,,,,,,,,,,,,,,,,,,,
,,,,,,,,,,,,,,,,,,,,,,,,,,,,,,
,,,,,,,,,,,,,,,,,,,,,,,,,,,,,,
,,,,,,,,,,,,,,,,,,,,,,,,,,,,,,
,,,,,,,,,,,,,,,,,,,,,,,,,,,,,,
,,,,,,,,,,,,,,,,,,,,,,,,,,,,,,
,,,,,,,,,,,,,,,,,,,,,,,,,,,,,,
,,,,,,,,,,,,,,,,,,,,,,,,,,,,,,
,,,,,,,,,,,,,,,,,,,,,,,,,,,,,,
,,,,,,,,,,,,,,,,,,,,,,,,,,,,,,
,,,,,,,,,,,,,,,,,,,,,,,,,,,,,,
,,,,,,,,,,,,,,,,,,,,,,,,,,,,,,
,,,,,,,,,,,,,,,,,,,,,,,,,,,,,,
,,,,,,,,,,,,,,,,,,,,,,,,,,,,,,
,,,,,,,,,,,,,,,,,,,,,,,,,,,,,,
,,,,,,,,,,,,,,,,,,,,,,,,,,,,,,
,,,,,,,,,,,,,,,,,,,,,,,,,,,,,,
,,,,,,,,,,,,,,,,,,,,,,,,,,,,,,
,,,,,,,,,,,,,,,,,,,,,,,,,,,,,,
,,,,,,,,,,,,,,,,,,,,,,,,,,,,,,
,,,,,,,,,,,,,,,,,,,,,,,,,,,,,,
,,,,,,,,,,,,,,,,,,,,,,,,,,,,,,
,,,,,,,,,,,,,,,,,,,,,,,,,,,,,,
,,,,,,,,,,,,,,,,,,,,,,,,,,,,,,
,,,,,,,,,,,,,,,,,,,,,,,,,,,,,,
,,,,,,,,,,,,,,,,,,,,,,,,,,,,,,
,,,,,,,,,,,,,,,,,,,,,,,,,,,,,,
,,,,,,,,,,,,,,,,,,,,,,,,,,,,,,
,,,,,,,,,,,,,,,,,,,,,,,,,,,,,,
,,,,,,,,,,,,,,,,,,,,,,,,,,,,,,
,,,,,,,,,,,,,,,,,,,,,,,,,,,,,,
,,,,,,,,,,,,,,,,,,,,,,,,,,,,,,
,,,,,,,,,,,,,,,,,,,,,,,,,,,,,,
,,,,,,,,,,,,,,,,,,,,,,,,,,,,,,
,,,,,,,,,,,,,,,,,,,,,,,,,,,,,,
,,,,,,,,,,,,,,,,,,,,,,,,,,,,,,
,,,,,,,,,,,,,,,,,,,,,,,,,,,,,,
,,,,,,,,,,,,,,,,,,,,,,,,,,,,,,
,,,,,,,,,,,,,,,,,,,,,,,,,,,,,,
,,,,,,,,,,,,,,,,,,,,,,,,,,,,,,
,,,,,,,,,,,,,,,,,,,,,,,,,,,,,,
,,,,,,,,,,,,,,,,,,,,,,,,,,,,,,
,,,,,,,,,,,,,,,,,,,,,,,,,,,,,,
,,,,,,,,,,,,,,,,,,,,,,,,,,,,,,
,,,,,,,,,,,,,,,,,,,,,,,,,,,,,,
,,,,,,,,,,,,,,,,,,,,,,,,,,,,,,
,,,,,,,,,,,,,,,,,,,,,,,,,,,,,,
,,,,,,,,,,,,,,,,,,,,,,,,,,,,,,
,,,,,,,,,,,,,,,,,,,,,,,,,,,,,,
,,,,,,,,,,,,,,,,,,,,,,,,,,,,,,
,,,,,,,,,,,,,,,,,,,,,,,,,,,,,,
,,,,,,,,,,,,,,,,,,,,,,,,,,,,,,
,,,,,,,,,,,,,,,,,,,,,,,,,,,,,,
,,,,,,,,,,,,,,,,,,,,,,,,,,,,,,
,,,,,,,,,,,,,,,,,,,,,,,,,,,,,,
,,,,,,,,,,,,,,,,,,,,,,,,,,,,,,
,,,,,,,,,,,,,,,,,,,,,,,,,,,,,,
,,,,,,,,,,,,,,,,,,,,,,,,,,,,,,
,,,,,,,,,,,,,,,,,,,,,,,,,,,,,,
,,,,,,,,,,,,,,,,,,,,,,,,,,,,,,
,,,,,,,,,,,,,,,,,,,,,,,,,,,,,,
,,,,,,,,,,,,,,,,,,,,,,,,,,,,,,
,,,,,,,,,,,,,,,,,,,,,,,,,,,,,,
,,,,,,,,,,,,,,,,,,,,,,,,,,,,,,
,,,,,,,,,,,,,,,,,,,,,,,,,,,,,,
,,,,,,,,,,,,,,,,,,,,,,,,,,,,,,
,,,,,,,,,,,,,,,,,,,,,,,,,,,,,,
,,,,,,,,,,,,,,,,,,,,,,,,,,,,,,
,,,,,,,,,,,,,,,,,,,,,,,,,,,,,,
,,,,,,,,,,,,,,,,,,,,,,,,,,,,,,
,,,,,,,,,,,,,,,,,,,,,,,,,,,,,,
,,,,,,,,,,,,,,,,,,,,,,,,,,,,,,
,,,,,,,,,,,,,,,,,,,,,,,,,,,,,,
,,,,,,,,,,,,,,,,,,,,,,,,,,,,,,
,,,,,,,,,,,,,,,,,,,,,,,,,,,,,,
,,,,,,,,,,,,,,,,,,,,,,,,,,,,,,
,,,,,,,,,,,,,,,,,,,,,,,,,,,,,,
,,,,,,,,,,,,,,,,,,,,,,,,,,,,,,
,,,,,,,,,,,,,,,,,,,,,,,,,,,,,,
,,,,,,,,,,,,,,,,,,,,,,,,,,,,,,
,,,,,,,,,,,,,,,,,,,,,,,,,,,,,,
,,,,,,,,,,,,,,,,,,,,,,,,,,,,,,
,,,,,,,,,,,,,,,,,,,,,,,,,,,,,,
,,,,,,,,,,,,,,,,,,,,,,,,,,,,,,
,,,,,,,,,,,,,,,,,,,,,,,,,,,,,,
,,,,,,,,,,,,,,,,,,,,,,,,,,,,,,
,,,,,,,,,,,,,,,,,,,,,,,,,,,,,,
,,,,,,,,,,,,,,,,,,,,,,,,,,,,,,
,,,,,,,,,,,,,,,,,,,,,,,,,,,,,,
,,,,,,,,,,,,,,,,,,,,,,,,,,,,,,
,,,,,,,,,,,,,,,,,,,,,,,,,,,,,,
,,,,,,,,,,,,,,,,,,,,,,,,,,,,,,
,,,,,,,,,,,,,,,,,,,,,,,,,,,,,,
,,,,,,,,,,,,,,,,,,,,,,,,,,,,,,
,,,,,,,,,,,,,,,,,,,,,,,,,,,,,,
,,,,,,,,,,,,,,,,,,,,,,,,,,,,,,
,,,,,,,,,,,,,,,,,,,,,,,,,,,,,,
,,,,,,,,,,,,,,,,,,,,,,,,,,,,,,
,,,,,,,,,,,,,,,,,,,,,,,,,,,,,,
,,,,,,,,,,,,,,,,,,,,,,,,,,,,,,
,,,,,,,,,,,,,,,,,,,,,,,,,,,,,,
,,,,,,,,,,,,,,,,,,,,,,,,,,,,,,
,,,,,,,,,,,,,,,,,,,,,,,,,,,,,,
,,,,,,,,,,,,,,,,,,,,,,,,,,,,,,
,,,,,,,,,,,,,,,,,,,,,,,,,,,,,,
,,,,,,,,,,,,,,,,,,,,,,,,,,,,,,
,,,,,,,,,,,,,,,,,,,,,,,,,,,,,,
,,,,,,,,,,,,,,,,,,,,,,,,,,,,,,
,,,,,,,,,,,,,,,,,,,,,,,,,,,,,,
,,,,,,,,,,,,,,,,,,,,,,,,,,,,,,
,,,,,,,,,,,,,,,,,,,,,,,,,,,,,,
,,,,,,,,,,,,,,,,,,,,,,,,,,,,,,
,,,,,,,,,,,,,,,,,,,,,,,,,,,,,,
,,,,,,,,,,,,,,,,,,,,,,,,,,,,,,
,,,,,,,,,,,,,,,,,,,,,,,,,,,,,,
,,,,,,,,,,,,,,,,,,,,,,,,,,,,,,
,,,,,,,,,,,,,,,,,,,,,,,,,,,,,,
,,,,,,,,,,,,,,,,,,,,,,,,,,,,,,
,,,,,,,,,,,,,,,,,,,,,,,,,,,,,,
,,,,,,,,,,,,,,,,,,,,,,,,,,,,,,
,,,,,,,,,,,,,,,,,,,,,,,,,,,,,,
,,,,,,,,,,,,,,,,,,,,,,,,,,,,,,
,,,,,,,,,,,,,,,,,,,,,,,,,,,,,,
,,,,,,,,,,,,,,,,,,,,,,,,,,,,,,
,,,,,,,,,,,,,,,,,,,,,,,,,,,,,,
,,,,,,,,,,,,,,,,,,,,,,,,,,,,,,
,,,,,,,,,,,,,,,,,,,,,,,,,,,,,,
,,,,,,,,,,,,,,,,,,,,,,,,,,,,,,
,,,,,,,,,,,,,,,,,,,,,,,,,,,,,,
,,,,,,,,,,,,,,,,,,,,,,,,,,,,,,
,,,,,,,,,,,,,,,,,,,,,,,,,,,,,,
,,,,,,,,,,,,,,,,,,,,,,,,,,,,,,
,,,,,,,,,,,,,,,,,,,,,,,,,,,,,,
,,,,,,,,,,,,,,,,,,,,,,,,,,,,,,
,,,,,,,,,,,,,,,,,,,,,,,,,,,,,,
,,,,,,,,,,,,,,,,,,,,,,,,,,,,,,
,,,,,,,,,,,,,,,,,,,,,,,,,,,,,,
,,,,,,,,,,,,,,,,,,,,,,,,,,,,,,
,,,,,,,,,,,,,,,,,,,,,,,,,,,,,,
,,,,,,,,,,,,,,,,,,,,,,,,,,,,,,
,,,,,,,,,,,,,,,,,,,,,,,,,,,,,,
,,,,,,,,,,,,,,,,,,,,,,,,,,,,,,
,,,,,,,,,,,,,,,,,,,,,,,,,,,,,,
,,,,,,,,,,,,,,,,,,,,,,,,,,,,,,
,,,,,,,,,,,,,,,,,,,,,,,,,,,,,,
,,,,,,,,,,,,,,,,,,,,,,,,,,,,,,
,,,,,,,,,,,,,,,,,,,,,,,,,,,,,,
,,,,,,,,,,,,,,,,,,,,,,,,,,,,,,
,,,,,,,,,,,,,,,,,,,,,,,,,,,,,,
,,,,,,,,,,,,,,,,,,,,,,,,,,,,,,
,,,,,,,,,,,,,,,,,,,,,,,,,,,,,,
,,,,,,,,,,,,,,,,,,,,,,,,,,,,,,
,,,,,,,,,,,,,,,,,,,,,,,,,,,,,,
,,,,,,,,,,,,,,,,,,,,,,,,,,,,,,
,,,,,,,,,,,,,,,,,,,,,,,,,,,,,,
,,,,,,,,,,,,,,,,,,,,,,,,,,,,,,
,,,,,,,,,,,,,,,,,,,,,,,,,,,,,,
,,,,,,,,,,,,,,,,,,,,,,,,,,,,,,
,,,,,,,,,,,,,,,,,,,,,,,,,,,,,,
,,,,,,,,,,,,,,,,,,,,,,,,,,,,,,
,,,,,,,,,,,,,,,,,,,,,,,,,,,,,,
,,,,,,,,,,,,,,,,,,,,,,,,,,,,,,
,,,,,,,,,,,,,,,,,,,,,,,,,,,,,,
,,,,,,,,,,,,,,,,,,,,,,,,,,,,,,
,,,,,,,,,,,,,,,,,,,,,,,,,,,,,,
,,,,,,,,,,,,,,,,,,,,,,,,,,,,,,
,,,,,,,,,,,,,,,,,,,,,,,,,,,,,,
,,,,,,,,,,,,,,,,,,,,,,,,,,,,,,
,,,,,,,,,,,,,,,,,,,,,,,,,,,,,,
,,,,,,,,,,,,,,,,,,,,,,,,,,,,,,
,,,,,,,,,,,,,,,,,,,,,,,,,,,,,,
,,,,,,,,,,,,,,,,,,,,,,,,,,,,,,
,,,,,,,,,,,,,,,,,,,,,,,,,,,,,,
,,,,,,,,,,,,,,,,,,,,,,,,,,,,,,
,,,,,,,,,,,,,,,,,,,,,,,,,,,,,,
,,,,,,,,,,,,,,,,,,,,,,,,,,,,,,
,,,,,,,,,,,,,,,,,,,,,,,,,,,,,,
,,,,,,,,,,,,,,,,,,,,,,,,,,,,,,
,,,,,,,,,,,,,,,,,,,,,,,,,,,,,,
,,,,,,,,,,,,,,,,,,,,,,,,,,,,,,
,,,,,,,,,,,,,,,,,,,,,,,,,,,,,,
,,,,,,,,,,,,,,,,,,,,,,,,,,,,,,
,,,,,,,,,,,,,,,,,,,,,,,,,,,,,,
,,,,,,,,,,,,,,,,,,,,,,,,,,,,,,
,,,,,,,,,,,,,,,,,,,,,,,,,,,,,,
,,,,,,,,,,,,,,,,,,,,,,,,,,,,,,
,,,,,,,,,,,,,,,,,,,,,,,,,,,,,,
,,,,,,,,,,,,,,,,,,,,,,,,,,,,,,
,,,,,,,,,,,,,,,,,,,,,,,,,,,,,,
,,,,,,,,,,,,,,,,,,,,,,,,,,,,,,
,,,,,,,,,,,,,,,,,,,,,,,,,,,,,,
,,,,,,,,,,,,,,,,,,,,,,,,,,,,,,
,,,,,,,,,,,,,,,,,,,,,,,,,,,,,,
,,,,,,,,,,,,,,,,,,,,,,,,,,,,,,
,,,,,,,,,,,,,,,,,,,,,,,,,,,,,,
,,,,,,,,,,,,,,,,,,,,,,,,,,,,,,
,,,,,,,,,,,,,,,,,,,,,,,,,,,,,,
,,,,,,,,,,,,,,,,,,,,,,,,,,,,,,
,,,,,,,,,,,,,,,,,,,,,,,,,,,,,,
,,,,,,,,,,,,,,,,,,,,,,,,,,,,,,
,,,,,,,,,,,,,,,,,,,,,,,,,,,,,,
,,,,,,,,,,,,,,,,,,,,,,,,,,,,,,
,,,,,,,,,,,,,,,,,,,,,,,,,,,,,,
,,,,,,,,,,,,,,,,,,,,,,,,,,,,,,
,,,,,,,,,,,,,,,,,,,,,,,,,,,,,,
,,,,,,,,,,,,,,,,,,,,,,,,,,,,,,
,,,,,,,,,,,,,,,,,,,,,,,,,,,,,,
,,,,,,,,,,,,,,,,,,,,,,,,,,,,,,
,,,,,,,,,,,,,,,,,,,,,,,,,,,,,,
,,,,,,,,,,,,,,,,,,,,,,,,,,,,,,
,,,,,,,,,,,,,,,,,,,,,,,,,,,,,,
,,,,,,,,,,,,,,,,,,,,,,,,,,,,,,
,,,,,,,,,,,,,,,,,,,,,,,,,,,,,,
,,,,,,,,,,,,,,,,,,,,,,,,,,,,,,
,,,,,,,,,,,,,,,,,,,,,,,,,,,,,,
,,,,,,,,,,,,,,,,,,,,,,,,,,,,,,
,,,,,,,,,,,,,,,,,,,,,,,,,,,,,,
,,,,,,,,,,,,,,,,,,,,,,,,,,,,,,
,,,,,,,,,,,,,,,,,,,,,,,,,,,,,,
,,,,,,,,,,,,,,,,,,,,,,,,,,,,,,
,,,,,,,,,,,,,,,,,,,,,,,,,,,,,,
,,,,,,,,,,,,,,,,,,,,,,,,,,,,,,
,,,,,,,,,,,,,,,,,,,,,,,,,,,,,,
,,,,,,,,,,,,,,,,,,,,,,,,,,,,,,
,,,,,,,,,,,,,,,,,,,,,,,,,,,,,,
,,,,,,,,,,,,,,,,,,,,,,,,,,,,,,
,,,,,,,,,,,,,,,,,,,,,,,,,,,,,,
,,,,,,,,,,,,,,,,,,,,,,,,,,,,,,
,,,,,,,,,,,,,,,,,,,,,,,,,,,,,,
,,,,,,,,,,,,,,,,,,,,,,,,,,,,,,
,,,,,,,,,,,,,,,,,,,,,,,,,,,,,,
,,,,,,,,,,,,,,,,,,,,,,,,,,,,,,
,,,,,,,,,,,,,,,,,,,,,,,,,,,,,,
,,,,,,,,,,,,,,,,,,,,,,,,,,,,,,
,,,,,,,,,,,,,,,,,,,,,,,,,,,,,,
,,,,,,,,,,,,,,,,,,,,,,,,,,,,,,
,,,,,,,,,,,,,,,,,,,,,,,,,,,,,,
,,,,,,,,,,,,,,,,,,,,,,,,,,,,,,
,,,,,,,,,,,,,,,,,,,,,,,,,,,,,,
,,,,,,,,,,,,,,,,,,,,,,,,,,,,,,
,,,,,,,,,,,,,,,,,,,,,,,,,,,,,,
,,,,,,,,,,,,,,,,,,,,,,,,,,,,,,
,,,,,,,,,,,,,,,,,,,,,,,,,,,,,,
,,,,,,,,,,,,,,,,,,,,,,,,,,,,,,
,,,,,,,,,,,,,,,,,,,,,,,,,,,,,,
,,,,,,,,,,,,,,,,,,,,,,,,,,,,,,
,,,,,,,,,,,,,,,,,,,,,,,,,,,,,,
,,,,,,,,,,,,,,,,,,,,,,,,,,,,,,
,,,,,,,,,,,,,,,,,,,,,,,,,,,,,,
,,,,,,,,,,,,,,,,,,,,,,,,,,,,,,
,,,,,,,,,,,,,,,,,,,,,,,,,,,,,,
,,,,,,,,,,,,,,,,,,,,,,,,,,,,,,
,,,,,,,,,,,,,,,,,,,,,,,,,,,,,,
,,,,,,,,,,,,,,,,,,,,,,,,,,,,,,
,,,,,,,,,,,,,,,,,,,,,,,,,,,,,,
,,,,,,,,,,,,,,,,,,,,,,,,,,,,,,
,,,,,,,,,,,,,,,,,,,,,,,,,,,,,,
,,,,,,,,,,,,,,,,,,,,,,,,,,,,,,
,,,,,,,,,,,,,,,,,,,,,,,,,,,,,,
,,,,,,,,,,,,,,,,,,,,,,,,,,,,,,
,,,,,,,,,,,,,,,,,,,,,,,,,,,,,,
,,,,,,,,,,,,,,,,,,,,,,,,,,,,,,
,,,,,,,,,,,,,,,,,,,,,,,,,,,,,,
,,,,,,,,,,,,,,,,,,,,,,,,,,,,,,
,,,,,,,,,,,,,,,,,,,,,,,,,,,,,,
,,,,,,,,,,,,,,,,,,,,,,,,,,,,,,
,,,,,,,,,,,,,,,,,,,,,,,,,,,,,,
,,,,,,,,,,,,,,,,,,,,,,,,,,,,,,
,,,,,,,,,,,,,,,,,,,,,,,,,,,,,,
,,,,,,,,,,,,,,,,,,,,,,,,,,,,,,
,,,,,,,,,,,,,,,,,,,,,,,,,,,,,,
,,,,,,,,,,,,,,,,,,,,,,,,,,,,,,
,,,,,,,,,,,,,,,,,,,,,,,,,,,,,,
,,,,,,,,,,,,,,,,,,,,,,,,,,,,,,
,,,,,,,,,,,,,,,,,,,,,,,,,,,,,,
,,,,,,,,,,,,,,,,,,,,,,,,,,,,,,
,,,,,,,,,,,,,,,,,,,,,,,,,,,,,,
,,,,,,,,,,,,,,,,,,,,,,,,,,,,,,
,,,,,,,,,,,,,,,,,,,,,,,,,,,,,,
,,,,,,,,,,,,,,,,,,,,,,,,,,,,,,
,,,,,,,,,,,,,,,,,,,,,,,,,,,,,,
,,,,,,,,,,,,,,,,,,,,,,,,,,,,,,
,,,,,,,,,,,,,,,,,,,,,,,,,,,,,,
,,,,,,,,,,,,,,,,,,,,,,,,,,,,,,
,,,,,,,,,,,,,,,,,,,,,,,,,,,,,,
,,,,,,,,,,,,,,,,,,,,,,,,,,,,,,
,,,,,,,,,,,,,,,,,,,,,,,,,,,,,,
,,,,,,,,,,,,,,,,,,,,,,,,,,,,,,
,,,,,,,,,,,,,,,,,,,,,,,,,,,,,,
,,,,,,,,,,,,,,,,,,,,,,,,,,,,,,
,,,,,,,,,,,,,,,,,,,,,,,,,,,,,,
,,,,,,,,,,,,,,,,,,,,,,,,,,,,,,
,,,,,,,,,,,,,,,,,,,,,,,,,,,,,,
,,,,,,,,,,,,,,,,,,,,,,,,,,,,,,
,,,,,,,,,,,,,,,,,,,,,,,,,,,,,,
,,,,,,,,,,,,,,,,,,,,,,,,,,,,,,
,,,,,,,,,,,,,,,,,,,,,,,,,,,,,,
,,,,,,,,,,,,,,,,,,,,,,,,,,,,,,
,,,,,,,,,,,,,,,,,,,,,,,,,,,,,,
,,,,,,,,,,,,,,,,,,,,,,,,,,,,,,
,,,,,,,,,,,,,,,,,,,,,,,,,,,,,,
,,,,,,,,,,,,,,,,,,,,,,,,,,,,,,
,,,,,,,,,,,,,,,,,,,,,,,,,,,,,,
,,,,,,,,,,,,,,,,,,,,,,,,,,,,,,
,,,,,,,,,,,,,,,,,,,,,,,,,,,,,,
,,,,,,,,,,,,,,,,,,,,,,,,,,,,,,
,,,,,,,,,,,,,,,,,,,,,,,,,,,,,,
,,,,,,,,,,,,,,,,,,,,,,,,,,,,,,
,,,,,,,,,,,,,,,,,,,,,,,,,,,,,,
,,,,,,,,,,,,,,,,,,,,,,,,,,,,,,
,,,,,,,,,,,,,,,,,,,,,,,,,,,,,,
,,,,,,,,,,,,,,,,,,,,,,,,,,,,,,
,,,,,,,,,,,,,,,,,,,,,,,,,,,,,,
,,,,,,,,,,,,,,,,,,,,,,,,,,,,,,
,,,,,,,,,,,,,,,,,,,,,,,,,,,,,,
,,,,,,,,,,,,,,,,,,,,,,,,,,,,,,
,,,,,,,,,,,,,,,,,,,,,,,,,,,,,,
,,,,,,,,,,,,,,,,,,,,,,,,,,,,,,
,,,,,,,,,,,,,,,,,,,,,,,,,,,,,,
,,,,,,,,,,,,,,,,,,,,,,,,,,,,,,
,,,,,,,,,,,,,,,,,,,,,,,,,,,,,,
,,,,,,,,,,,,,,,,,,,,,,,,,,,,,,
,,,,,,,,,,,,,,,,,,,,,,,,,,,,,,
,,,,,,,,,,,,,,,,,,,,,,,,,,,,,,
,,,,,,,,,,,,,,,,,,,,,,,,,,,,,,
,,,,,,,,,,,,,,,,,,,,,,,,,,,,,,
,,,,,,,,,,,,,,,,,,,,,,,,,,,,,,
,,,,,,,,,,,,,,,,,,,,,,,,,,,,,,
,,,,,,,,,,,,,,,,,,,,,,,,,,,,,,
,,,,,,,,,,,,,,,,,,,,,,,,,,,,,,
,,,,,,,,,,,,,,,,,,,,,,,,,,,,,,
,,,,,,,,,,,,,,,,,,,,,,,,,,,,,,
,,,,,,,,,,,,,,,,,,,,,,,,,,,,,,
,,,,,,,,,,,,,,,,,,,,,,,,,,,,,,
,,,,,,,,,,,,,,,,,,,,,,,,,,,,,,
,,,,,,,,,,,,,,,,,,,,,,,,,,,,,,
,,,,,,,,,,,,,,,,,,,,,,,,,,,,,,
,,,,,,,,,,,,,,,,,,,,,,,,,,,,,,
,,,,,,,,,,,,,,,,,,,,,,,,,,,,,,
,,,,,,,,,,,,,,,,,,,,,,,,,,,,,,
,,,,,,,,,,,,,,,,,,,,,,,,,,,,,,
,,,,,,,,,,,,,,,,,,,,,,,,,,,,,,
,,,,,,,,,,,,,,,,,,,,,,,,,,,,,,
,,,,,,,,,,,,,,,,,,,,,,,,,,,,,,
,,,,,,,,,,,,,,,,,,,,,,,,,,,,,,
,,,,,,,,,,,,,,,,,,,,,,,,,,,,,,
,,,,,,,,,,,,,,,,,,,,,,,,,,,,,,
,,,,,,,,,,,,,,,,,,,,,,,,,,,,,,
,,,,,,,,,,,,,,,,,,,,,,,,,,,,,,
,,,,,,,,,,,,,,,,,,,,,,,,,,,,,,
,,,,,,,,,,,,,,,,,,,,,,,,,,,,,,
,,,,,,,,,,,,,,,,,,,,,,,,,,,,,,
,,,,,,,,,,,,,,,,,,,,,,,,,,,,,,
,,,,,,,,,,,,,,,,,,,,,,,,,,,,,,
,,,,,,,,,,,,,,,,,,,,,,,,,,,,,,
,,,,,,,,,,,,,,,,,,,,,,,,,,,,,,
,,,,,,,,,,,,,,,,,,,,,,,,,,,,,,
,,,,,,,,,,,,,,,,,,,,,,,,,,,,,,
,,,,,,,,,,,,,,,,,,,,,,,,,,,,,,
,,,,,,,,,,,,,,,,,,,,,,,,,,,,,,
,,,,,,,,,,,,,,,,,,,,,,,,,,,,,,
,,,,,,,,,,,,,,,,,,,,,,,,,,,,,,
,,,,,,,,,,,,,,,,,,,,,,,,,,,,,,
,,,,,,,,,,,,,,,,,,,,,,,,,,,,,,
,,,,,,,,,,,,,,,,,,,,,,,,,,,,,,
,,,,,,,,,,,,,,,,,,,,,,,,,,,,,,
,,,,,,,,,,,,,,,,,,,,,,,,,,,,,,
,,,,,,,,,,,,,,,,,,,,,,,,,,,,,,
,,,,,,,,,,,,,,,,,,,,,,,,,,,,,,
,,,,,,,,,,,,,,,,,,,,,,,,,,,,,,
,,,,,,,,,,,,,,,,,,,,,,,,,,,,,,
,,,,,,,,,,,,,,,,,,,,,,,,,,,,,,
,,,,,,,,,,,,,,,,,,,,,,,,,,,,,,
,,,,,,,,,,,,,,,,,,,,,,,,,,,,,,
,,,,,,,,,,,,,,,,,,,,,,,,,,,,,,
,,,,,,,,,,,,,,,,,,,,,,,,,,,,,,
,,,,,,,,,,,,,,,,,,,,,,,,,,,,,,
,,,,,,,,,,,,,,,,,,,,,,,,,,,,,,
,,,,,,,,,,,,,,,,,,,,,,,,,,,,,,
,,,,,,,,,,,,,,,,,,,,,,,,,,,,,,
,,,,,,,,,,,,,,,,,,,,,,,,,,,,,,
,,,,,,,,,,,,,,,,,,,,,,,,,,,,,,
,,,,,,,,,,,,,,,,,,,,,,,,,,,,,,
,,,,,,,,,,,,,,,,,,,,,,,,,,,,,,
,,,,,,,,,,,,,,,,,,,,,,,,,,,,,,
,,,,,,,,,,,,,,,,,,,,,,,,,,,,,,
,,,,,,,,,,,,,,,,,,,,,,,,,,,,,,
,,,,,,,,,,,,,,,,,,,,,,,,,,,,,,
,,,,,,,,,,,,,,,,,,,,,,,,,,,,,,
,,,,,,,,,,,,,,,,,,,,,,,,,,,,,,
,,,,,,,,,,,,,,,,,,,,,,,,,,,,,,
,,,,,,,,,,,,,,,,,,,,,,,,,,,,,,
,,,,,,,,,,,,,,,,,,,,,,,,,,,,,,
,,,,,,,,,,,,,,,,,,,,,,,,,,,,,,
,,,,,,,,,,,,,,,,,,,,,,,,,,,,,,
,,,,,,,,,,,,,,,,,,,,,,,,,,,,,,
,,,,,,,,,,,,,,,,,,,,,,,,,,,,,,
,,,,,,,,,,,,,,,,,,,,,,,,,,,,,,
,,,,,,,,,,,,,,,,,,,,,,,,,,,,,,
,,,,,,,,,,,,,,,,,,,,,,,,,,,,,,
,,,,,,,,,,,,,,,,,,,,,,,,,,,,,,#NAME?
,,,,,,,,,,,,,,,,,,,,,,,,,,,,,,
,,,,,,,,,,,,,,,,,,,,,,,,,,,,,,
,,,,,,,,,,,,,,,,,,,,,,,,,,,,,,
,,,,,,,,,,,,,,,,,,,,,,,,,,,,,,
,,,,,,,,,,,,,,,,,,,,,,,,,,,,,,
,,,,,,,,,,,,,,,,,,,,,,,,,,,,,,
,,,,,,,,,,,,,,,,,,,,,,,,,,,,,,
,,,,,,,,,,,,,,,,,,,,,,,,,,,,,,
,,,,,,,,,,,,,,,,,,,,,,,,,,,,,,
,,,,,,,,,,,,,,,,,,,,,,,,,,,,,,
,,,,,,,,,,,,,,,,,,,,,,,,,,,,,,
,,,,,,,,,,,,,,,,,,,,,,,,,,,,,,
,,,,,,,,,,,,,,,,,,,,,,,,,,,,,,
,,,,,,,,,,,,,,,,,,,,,,,,,,,,,,
,,,,,,,,,,,,,,,,,,,,,,,,,,,,,,
,,,,,,,,,,,,,,,,,,,,,,,,,,,,,,
,,,,,,,,,,,,,,,,,,,,,,,,,,,,,,
,,,,,,,,,,,,,,,,,,,,,,,,,,,,,,
,,,,,,,,,,,,,,,,,,,,,,,,,,,,,,
,,,,,,,,,,,,,,,,,,,,,,,,,,,,,,
,,,,,,,,,,,,,,,,,,,,,,,,,,,,,,
,,,,,,,,,,,,,,,,,,,,,,,,,,,,,,
,,,,,,,,,,,,,,,,,,,,,,,,,,,,,,
,,,,,,,,,,,,,,,,,,,,,,,,,,,,,,
,,,,,,,,,,,,,,,,,,,,,,,,,,,,,,
,,,,,,,,,,,,,,,,,,,,,,,,,,,,,,
,,,,,,,,,,,,,,,,,,,,,,,,,,,,,,
,,,,,,,,,,,,,,,,,,,,,,,,,,,,,,
,,,,,,,,,,,,,,,,,,,,,,,,,,,,,,
,,,,,,,,,,,,,,,,,,,,,,,,,,,,,,
,,,,,,,,,,,,,,,,,,,,,,,,,,,,,,
,,,,,,,,,,,,,,,,,,,,,,,,,,,,,,
,,,,,,,,,,,,,,,,,,,,,,,,,,,,,,
,,,,,,,,,,,,,,,,,,,,,,,,,,,,,,
,,,,,,,,,,,,,,,,,,,,,,,,,,,,,,
,,,,,,,,,,,,,,,,,,,,,,,,,,,,,,
,,,,,,,,,,,,,,,,,,,,,,,,,,,,,,
,,,,,,,,,,,,,,,,,,,,,,,,,,,,,,
,,,,,,,,,,,,,,,,,,,,,,,,,,,,,,
,,,,,,,,,,,,,,,,,,,,,,,,,,,,,,
PharmD,,Ms,01GYWN8VTTCRRWAYA7V7FPB075,Levin,S,"Levin S,PharmD",Male,levin.s@pilog.com,Rm 645,1453 Rf Cir,Minneapolis,Minnesota,55487,US,Navajo,3/6/90,Unknown,3,dFnTTQ5aagbvy,Community Outreach Specialist,90087,11333,2/4/12,182-61-0232,3/11/14,GR09 1700 322W 7UM4 RQL7 XVZN XUM,6.38E+15,instapayment,S2druqBmTDwT,
EdD,,Mr.,01GYWN8VV1B4TJPAFHD2X839S0,M,Eastop,"Mr. Marnia Eastop ,EdD",Female,M.Eastop@pilog.com,PO Box 56189,7318 Laurel Ave,,,99252,US,Shoshone,7/27/19,Single,6,t86Z2664Cbbte,Sales Associate Associate,66832,75123,9/7/11,200-88-2444,8/14/17,FR56 4097 8359 49TZ 8QUT NJW0 285,5.10E+15,mastercard,TURR0nfQpkI,
MFA,,Mr.,01GYWN8VVBKPFZ4PHJC07F1ANC,Ronda,In,"Mr. Ronda In ,MFA",Male,ronda.in@pilog.com,PO Box 55979,8 Magdeline Ter,Fresno,California,93709,US,Indonesian,9/11/10,Married,3,yoqtyiEehyh,Electrical Engineer Senior,54104,19999,7/5/21,566-10-7775,2/4/08,SA86 236G WM71 Z4XI XV9A 7CXF,5.01E+15,mastercard,5Ajwmz,
IQCP,,Mr.,01GYWN8VVH1NKZ952RAFJKCSHS,Davine,Alba,"Mr. Davine Alba ,IQCP",M,davine.alb@pilog.com,Suite 47,09422 Kensington Cen,New York City,New York,10029,US,Ottawa,11/4/85,Married,1,09wnTAeghyt,Sales Representative Senior,57953,18444,2/26/15,123-45-3114,2/14/15,TR52 7635 0FHY GSAC 1WSG XKFH I6,4.18E+15,visa-electron,owDB9xjRFtK,
DPT,III,Mr.,01GYWN8VVQP15205CS831NF9ZJ,Eolanda,Fluck,"Mr. Eolanda Flucker III,DPT",F,Eolanda.Fluck@pilog.com,Apt 1519,477 Anniversary Way,,,95173,US,Chinese,9/7/78,Married,5,4iCO5AHrMTvsfv,Chemical Engineer,97580,82226,12/12/12,242-12-5288,1/12/14,FR85 7135 0045 90NA WNTH MP9N C95,3.59E+15,jcb,pK1oOJaN3Wlr,
MPHIL,Sr,Prof.,01GYWN8VVZTYGNCR0F411C6XQW,Francisca,G man,"Prof. Francisca Graalman Sr,MPHIL",Male,Francisca.Gman@pilog.com,PO Box 70923,82396 Longview Pk,,,64082,US,Micronesian,6/29/06,Divorced,1,xbykjrLfTprhhhhhh,Recruiter Associate,66553,11111,1/8/11,355-55-9055,12/5/17,BE58 4316 0624 7011,5.54E+15,mastercard,oN56Of1M2,
EdD,,Ms,01GYWN8VW673HAR66SD3QBDJRD,Herby,H,"Ms Herby Havock ,EdD",Female,herby.h@pilog.com,Rm 622,15 Kropf Cout,Sacramento,California,95894,US,Bolivian,3/19/71,Married,1,BIOy58Pn7tnhb,Assistant Manager,58487,31924,5/5/05,770-44-6175,2/17/16,BG44 TGBG 9478 84D5 MDM1 B2,3.57E+15,jcb,TAqMHAjG,
MSW,,Mr.,01GYWN8VWCE12N5N1S3S4WFJDM,Mathe,Brad,"Mr. Mathe Brader ,MSW",Other,Mathe.Bra@pilog.com,Rm 1888,1711 Kenwood Plz,,,33310,US,Spaniard,4/14/20,Unknown,1,ZsIDKE2L3AhQrtgt,Analyst Programmer Associate,92549,59215,5/30/02,759-06-6241,12/1/13,BA09 3169 1871 4447 2142,6.71E+15,jcb,4po9Id1eu,
PharmD,,Dr.,01GYWN8VWGNYR8ZJC2GX370BGM,Ted,Gull,"Dr. Ted Gullam ,PharmD",Transgender,ted.gull@pilog.com,Suite 58,09204 Chinook Ter,Phoenix,Arizona,85062,US,Choctaw,11/3/62,Divorced,2,VgAfe13IOctgyh,Senior Software Consultant,96556,76686,3/3/04,702-19-8241,9/7/04,IT55 R338 8114 557K B4H5 3BJS M4A,3.56E+15,jcb,3pjQG8,
PharmD,,Dr.,01GYWN8VX43NC6Z5E7CT00VN3M,Max,G,"Dr. Max Grouer ,PharmD",Transsexual Male,max.g@pilog.com,17th Fl,9895 Moose Ps,Gulfport,Mississippi,39505,US,Seminole,4/1/77,Single,5,rKG1Ti6ZBdgs,Senior Marketing Assistant,38498,86874,7/2/21,218-61-6511,6/22/18,FR06 3505 4415 69SP CQSN FIYU 422,5.60E+16,diners-club-enroute,kSxeDwlb,
MSW,,Dr.,01GYWN8VWY5S8Z9AG31WJKXZKM,Cletis,H,"Dr. Cletis H ,MSW",Trans,Cletis.H@pilog.com,5th Fl,16901 Utah Cross,,,77713,US,Thai,9/18/78,Separated,9,H9VSBzKk9lrwgf,Actuary,44785,77761,11/6/21,225-42-9971,7/21/14,LT74 8739 8207 7193 7463,3.57E+15,solo,mRlG13T,
pharmd,,Dr.,01GYWN8W128E8AJPDBYXJBNWWH,Ram,babu,"Dr. Ram Babu, PharmD",m,Ram.babu@pilog.com,2nd floor,1234 rf cirlce,,,72204,US,Thai,9/18/00,single,5,agsvdycufhevbfuvg,Engineer III,555555,2314,12/2/02,200-78-8181,6/12/00,LT74 8739 8207 7193 7463,3.58E+15,jcb,aswqwedh,
DDS,,Ms,01GYWN8W2BRPVFTS6DP9897DXS,Vivi,Lindenst,"Ms Vivian Lindenstrauss ,DDS",Other,vivi.lindenst@pilog.com,Ap 617,258 Thackeray Cir,Washington,District of Columbia,20319,US,Pima,1/28/20,Unknown,1,O2QJyAxfgtbt,S Consultant,25089,94347,2/10/00,591-53-2790,6/28/18,LI87 3121 8SN9 P4CR YMGC 9,6.39E+15,diners-club-carte-blanche,2qfDjdqT,
IQCP,Sr,Mr.,01GYWN8W2EXYKXQ085ZE0RQHA2,Lambert,M,"Mr. Lambert Moseley Sr,IQCP",Female to Male,lambert.moseley@pilog.com,PO B 98693,43238 Almo Alley,Roanoke,Virginia,24024,US,Lumbee,11/8/09,Engaged,7,mGivbG3Kbfgb,Senoir Recruiting Manager,43982,9753,10/29/15,560-79-8978,1/15/14,SM81 N751 7209 118K ECKK PGJN IRZ,4.04E+12,jcb,ECvFPL,
PsyD,,Ms,01GYWN8VVNH281MD8VQPGFQAE0,Christophe,Dykas,"Ms Christophe Ducroe ,PsyD",Other,Christophe.Ducroe@pilog.com,PO Box 62897,4 Hovde Circle,,,11054,US,Tongan,6/13/16,Unknown,2,sALDU3KWyak,Mechanical  Engineer,99601,65841,4/7/17,348-95-2549,3/16/01,CR04 5363 6404 9592 4069 6,3.55E+15,laser,bqOiabKr3yQh,
MSW,,Mr.,01GYWN8VVZHZS8FN9YSDHTY926,Rriocard,Surr,"Mr. Rriocard Surr ,MSW",Genderqueer,Rriocard.Surr@pilog.com,Ap 1380,5 Cordelia St,,,40591,US,Nicaraguan,11/20/72,Married,6,uX6Kr1D5Jfgb,Financial ,28975,85262,2/21/10,106-25-0726,7/21/20,GL58 7063 1522 0923 88,4.51E+15,maestro,N4DOC2xRQ,
PsyD,,Ms,01GYWN8VWC6SE7RZMGJHFWQC4M,Tess,Galier,"Ms Tess Galier ,PsyD",Transfeminine,tess.galier@pilog.com,Su 61,16 Bultman Ave,Winston Salem,NC,27116,US,Pakistani,6/19/79,Unknown,10,IgL4Sjbfgb,Recruiter,42273,57605,10/8/12,551-57-6901,2/15/07,FR24 2252 8832 077I ZVUC EZB5 B31,5.61E+16,visa-electron,CaTmcv61cs,
MSW,,Dr.,01GYWN8VWP2VPN0XF8JBH7NWFN,Ophelie,S,"Dr. Ophelie Spurriar ,MSW",Cisgender Woman,Ophelie.Spurriar@pilog.com,Apt 1551,20 Pond Way,,,98424,US,Alaskan Athabascan,1/24/86,Unknown,1,3fstTn2fgvtbge,Computer Systems Analyst II,53282,86185,2/10/00,621-52-3991,10/26/18,CH94 6104 9WSC SVVO 3VH1 D,4.03E+15,jcb,HVlWE1R,
PsyD,,Mr.,01GYWN8VWVVPEV10EYDE5ESDCY,Austin,Cathrae,"Mr. Austin Cathrae ,PsyD",Cisgender Female,austin.cathrae@pilog.com,PO Box 36569,072 Tony Cross,Waterbury,Connecticut,6721,US,Honduran,12/19/10,Single,6,DdlhEUsvtgb,Assistant Manager Sr,50313,75401,10/29/15,737-71-7235,11/2/00,FR84 3883 4212 772O TU0H GCKR X58,2.02E+14,americanexpress,8jsR0NBT,
PharmD,,Dr.,01GYWN8VXSXG65A56Z6F3QMJ90,Ruggiero,Sharply,"Dr. Ruggiero Sharply ,PharmD",Cis Male,ruggiero.sharply@pilog.com,Apt 488,73872 Morning St,Lynchburg,Virginia,24515,US,Venezuelan,11/3/78,Separated,4,4XCMipNgbyt,Senior Cost Accountant JR,17205,12576,4/7/17,617-02-4454,6/1/12,KW36 FEBX SGE6 LBB3 Z6MZ 4YVO KCXB YH,6.30E+17,jcb,4xLRQsnb,
PharmD,,Ms,01GYWN8VXYX4WQNBW2BZTHWQM2,Whit,MacR,"Ms Whitaker MacRury ,PharmD",Cis Woman,whitaker.macrury@pilog.com,PO Box 47239,187 Sundown Cross,Charleston,West Virginia,25389,US,Puget Sound Salish,7/20/87,Single,1,8nUnzSbGqhCZvtb,Internal Auditor SR,27452,21448,2/21/10,847-87-1943,3/3/02,GR45 2615 256Y KUJR KEHA MWWA YOL,3.58E+15,diners-club-enroute,OVgHg0lL,
EdD,IV,Prof.,01GYWN8VY4P7FSDYKJMZ7QP0ZY,Marji,Sapauton,"Prof. Marji Sapauton IV,EdD",Intersex,Marji.Sapauton@pilog.com,12th Fl,9347 Emmet Pl,,,32309,US,Spaniard,11/15/80,Unknown,8,18P3EUGeE6fvrt,Human Resources Manager SR,53694,41594,10/8/12,725-81-0288,10/16/13,IL56 2213 7809 2169 1605 393,5.02E+15,jcb,mcuNlJ9zwnU,
DDS,,Ms,01GYWN8VY9GGW861MQ67TPVMDN,Modesta,S,"Ms Modesta Stoile ,DDS",Two-Spirit,modesta.stoile@pilog.com,Suite 71,16 Kinsman Park,Reno,Nevada,89519,US,Pima,10/12/09,Separated,7,YEtJ3YSCx09vrvre,Executive Secretary ||,56424,7783,9/20/09,694-85-5798,7/24/19,IS83 1884 6415 7460 8432 6110 91,4.04E+12,jcb,1UWnfQk6I2Z,
DPT,II,Prof.,01GYWN8VYDRG61562K7VFQW82V,Minna,McGaraghan,"Prof. Minna McGaraghan II,DPT",Gender Nonconforming,minna.mcgaraghan@pilog.com,Room 1027,420 4th Park,Charleston,West Virginia,79118,US,Bolivian,9/23/69,Engaged,6,7LX9XIKgvytbe,Structural Engineer Jr,99819,88043,1/27/10,781-73-6772,5/21/12,FR12 6908 7843 72HK B48F EVDY G63,3.55E+15,switch,9Nn9feVP,
PharmD,,Ms,01GYWN8VYJMXH4WMAEYN39S3GJ,Devi,Dykas,"Ms Devi Dykas ,PharmD",Two-Spirit,Devi.Dykas@pilog.com,17th Floor,922 Hollow Ridge Way,Beaufort,,31205,US,Yuman,12/14/09,Divorced,1,uccqTKUnKrgbvtye,Account ExecutiveJR,71338,29824,5/26/09,449-55-8128,2/19/16,FR69 4505 8592 65L4 DLP4 ZSYA P51,6.77E+18,jcb,SvLdDZA3a0f,
PHD,,Dr.,01GYWN8VYR8VDJCV9MBQFVHE3A,Felicity,Reasun,"Dr. Felicity Reasun ,PHD",Transsexual Female,felicity.reasun@pilog.com,4th Fl,16510 Nancy Trail,Saint Paul,Indiana,63158,US,Cambodian,8/5/18,Unknown,9,sjgg1ZWFWmZCvtre,Statistician II,91838,50468,2/12/10,418-41-3366,8/22/11,AZ72 FYVY M9TV RXSV KCHF VILR VFTO,6.76E+16,jcb,fhECQypDzT,
IQCP,,Mr.,01GYWN8VYXY3JG3R9TXTBBRKKQ,Ertha,Cwin,"Mr. Ertha Corwin ,IQCP",Cis Man,ertha.corwin@pilog.com,Apt 1809,1 Burrows Place,,South Carolina,18763,US,South American,7/19/55,Separated,2,1yREIffTwrTOvrvtb,Teacher Asst,98342,79736,7/21/17,735-03-9363,12/21/17,CR52 9754 5619 4195 5822 9,5.01E+15,laser,vv5czNSoJ,
DPT,,Mr.,01GYWN8VZ23BGC1WWDWMRAVREB,Ginnie,Haibel,"Mr. Ginnie Haibel ,DPT",Trans Person,ginnie.haibel@pilog.com,5th Fl,47924 Esch Lane,Tuscaloosa,Georgia,98424,US,Choctaw,3/4/67,Divorced,9,JljZBG9rvste,Senior Cost Accountant Sr,98075,20695,2/10/00,840-88-1876,1/6/01,FR11 9365 8100 31JO JMNO BIUH W09,5.60E+15,jcb,yIcKelj9Xvg,
MSW,,Prof.,01GYWN8VZ7Z490XCSGM7HSZ5Y7,Dar,Squ,"Prof. Daron Squires ,MSW",Cis Man,daron.squires@pilog.com,Su 2,7 Continental Junc,Canton,Virginia,52245,US,Honduran,3/17/50,Unknown,10,nHqIWsIfvdfbtb,Recruiting Manager Sr,86059,69155,10/29/15,818-50-6574,1/25/00,FO62 0650 4526 6639 75,5.60E+15,jcb,6HVlGItJ7HQ,
IQCP,,Mr.,01GYWN8VZCXZ12FXJ3J80FJ3FP,Caty,Tomaskov,"Mr. Caty Tomaskov ,IQCP",Intersex,caty.tomaskov@pilog.com,PO B 35860,378 Lunder Cot,Houston,Fl,88006,US,Native Hawaiian,12/26/20,Unknown,9,sJfFfvzO0Vvretr,Structural Engineer Jr,6113,58143,4/7/17,438-09-7917,2/9/03,DK67 4530 0574 9462 14,5.60E+15,diners-club-carte-blanche,fOz4WD6Y,
MPHIL,III,Mr.,01GYWN8VZHVDNTNGMESZA89SA4,Danella,Petra,"Mr. Danella Petrashkov III,MPHIL",Genderqueer,Danella.Petrashkov@pilog.com,Su 97,3 Superior Hill,Rochester,,63158,US,Navajo,11/20/07,Divorced,1,uFKXSkvfbteb,Occupational Therapist,54464,97871,2/21/10,232-79-3427,8/31/21,LI58 6558 1BIS USDT EPUZ 9,5.60E+15,jcb,IJiT6d9mR,
PsyD,,Dr.,01GYWN8VZPDSNSACDWE5A6X7ZX,Rob,Gild,"Dr. Robb Gilding ,PsyD",Trans,Robb.Gilding@pilog.com,5th Fl,09 Mcbride Trail,,California,18763,US,Houma,8/14/15,Engaged,8,SgY3jZnBecrebtyh,Environmental Tech,52977,8250,10/8/12,247-57-8558,8/10/08,BE68 3610 3803 9022,5.10E+15,laser,ndhBcySXInzm,
EdD,,Mr.,01GYWN8VZVVYRTXZDFM47YQVM2,Frayda,Chi,"Mr. Frayda Chimienti ,EdD",Male to Female,Frayda.Chimienti@pilog.com,6th Fl,0873 Bartillon Ps,Portland,Virginia,98424,US,Mexican,9/30/51,Married,5,Gg3jMxvgbtb,Assistant Media Planner,21082,4472,9/20/09,840-88-1876,10/8/22,FR55 5006 8611 14WI WWEA PNYQ L61,6.77E+18,maestro,iIa38ZWzh7Nm,
MFA,,Mr.,01GYWN8W00A3GJS18E0BTZE8PJ,Trav,May,,Transsexual Man,,Apt 1551,1433 Rf Cir,Charlotte,Alabama,52245,US,,,Single,6,wVXh95G7t4Kfsvtb,Developer III,28975,51976,1/27/10,818-50-6574,10/21/09,LV03 EFFZ UCBT EXYV S3KA H,6.76E+16,visa-electron,zclfdQRSbDS,
PHD,,Ms,01GYWN8W0522RZQM2G5E7T8N5E,Hold,Drakes,,Transmasculine,,PO Box 36569,738 Laurel Ave,Pasadena,,88006,US,,,Unknown,10,rC2FVdHSlL7dfsvtb,Legal Assistant,42273,78311,5/26/09,438-09-7917,3/28/05,FR72 0008 1718 14UQ VMJE EN35 O87,5.01E+15,jcb,NkF6yAb8u,
PharmD,,Ms,01GYWN8W0BMM2J5NDCJQ5RM7PX,Lor,Mulroy,,Pangender,,Apt 488,811 Magdeline Ter,,California,25389,US,,,Single,9,eJklBjuv2gOEfsvtrw,Web Developer II,53282,90416,2/12/10,232-79-3427,7/3/17,FR59 0124 6500 28CV 0SIC AUAZ T68,5.60E+15,americanexpress,PKzrayHDbiyq,
DPT,,Ms,01GYWN8W0GN4DGYTVNRKVBKZF8,Shepperd,Rubinovici,,Two-Spirit,,PO Box 47239,022 Kensington Cen,Washington,,70005,US,,,Separated,10,hLrIj1mb2vfsbytb,Community Outreach Specialist,50313,85262,7/21/17,247-57-8558,10/6/18,GI77 QHGC PJQS BONR KHKC Y6Q,5.60E+15,jcb,fZec6qY,
MFA,,Ms,01GYWN8W0MWZHBSP2GJP0J4J8C,Ema,Slayford,,Gender Questioning,,12th Fl,47 Anniversary Way,San Diego,California,93150,US,,,Unknown,7,ZeFFBY4okdBwsvtb,Chief Design Engineer,17205,57605,2/10/00,836-07-1391,12/18/12,IL68 7518 6793 4657 7863 125,5.60E+15,diners-club-enroute,7HzZjIz7h,
DPT,,Ms,01GYWN8W0R0ZC8Y1DZSK6T4RDA,Delora,Newsham,,Female to Male,,Suite 71,86 Longview Pk,Washington,Virginia,2216,US,,,Divorced,10,0pWJ52Uy6Inbtb,Director of Sales,28975,86185,10/29/15,785-24-9337,11/8/06,MD80 Y5OG EBVV 8LK3 O80E CTHF,5.60E+15,jcb,Nigxqy0X0,
MSW,,Mr.,01GYWN8W0XADR2KK9PAWX452KX,Karla,Rigney,,Trans Woman,,Room 1027,15 Kropf Cout,Beaufort,Alabama,10155,US,,,Married,4,nZRgjcHTfbvtbtn,VP Accounting,42273,75401,4/7/17,633-72-4100,8/10/08,GT61 F1BI JL2R BL66 XANL PLE3 YKUF,5.10E+15,jcb,XPZolizL,
PHD,,Mr.,01GYWN8W1270C2KDHVVQ2G2E7M,Carlina,Lampen,,Gender Fluid,,17th Floor,11 Kenwood Plz,Saint Paul,Kansas,12237,US,,,Engaged,2,ATavtk9btbte,Computer Systems Analyst II,53282,12576,2/21/10,297-01-2671,10/8/22,MT66 ZJXU 4269 1YNN Y2JI TINM OQK9 L6P,3.74E+14,switch,HRI1IO,
IQCP,,Dr.,01GYWN8W1565D9D4EEGM40B10S,Rusty,Munkley,,Transsexual Woman,,4th Fl,094 Chinook Ter,,,78721,US,,,Separated,1,B4Tu8j2NjObgbjm,Assistant Manager Sr,50313,21448,10/8/12,521-38-9703,10/21/09,SI73 2229 4947 8652 396,3.06E+13,jcb,zclfdQRSbDS,
MPHIL,,Dr.,01GYWN8W18GRTXFEZBDBGS3PV7,Deina,Boomes,,Trans Woman,,Apt 1809,985 Moose Ps,Tuscaloosa,Florida,92121,US,,,Unknown,1,bcL636BHEVgnjm,Senior Cost Accountant JR,17205,41594,9/20/09,106-25-0726,3/28/05,FI77 2953 3926 6349 91,5.60E+15,jcb,NkF6yAb8u,
MFA,,Dr.,01GYWN8W5T7WHJYQ41NPZ2GJJT,Stodd,McMearty,,Cisgender Man,,5th Fl,101 Utah Cross,Canton,,30356,US,,,Separated,1,ZmtHX5yMPlljukuj,Internal Auditor SR,27452,7783,1/27/10,551-57-6901,7/3/17,FR59 0124 6500 28CV 0SIC AUAZ T68,4.98E+12,laser,PKzrayHDbiyq,
PsyD,,Prof.,01GYWN8W5XWVGQ0HC0B8PW84B2,George,Costa,,Neutrois,,Su 2,90 Shasta Cout,Houston,Colorado,33416,US,,,Single,8,Oao5grhnyn,Human Resources Manager SR,53694,85262,5/26/09,621-52-3991,10/6/18,CH94 6104 9WSC SVVO 3VH1 D,4.84E+15,jcb,fZec6qY,
PHD,,Prof.,01GYWN8W61RPPSXCET95WZ5RZ5,Virgie,C.well,,Pangender,,PO B 35860,4 Continental Ave,Rochester,District of Columbia,11231,US,,,Engaged,8,nKOPgCKOlhhnynr,Executive Secretary ||,28975,57605,2/12/10,737-71-7235,12/18/12,FR84 3883 4212 772O TU0H GCKR X58,3.59E+15,laser,7HzZjIz7h,
EdD,,Ms,01GYWN8W63N677PPEY56F6B577,Vivian,Macguire,,Transsexual Woman,,Su 97,1862 Reindahl Ave,,,14619,US,,,Engaged,7,Lj8F0KJ1Qbgdbgb,Structural Engineer Jr,42273,86185,7/21/17,617-02-4454,11/8/06,KW36 FEBX SGE6 LBB3 Z6MZ 4YVO KCXB YH,5.57E+15,maestro,Nigxqy0X0,
IQCP,,Ms,01GYWN8W66MMVQ0AESZ204Z0W0,Lamb,Deverock,,FTM,,5th Fl,1178 Spring Rd,Portland,,71137,US,,,Engaged,8,2ze1L0hnyr,Account ExecutiveJR,53282,75401,4/12/21,847-87-1943,10/26/18,GR45 2615 256Y KUJR KEHA MWWA YOL,3.58E+15,visa-electron,XPZolizL,
MFA,,Prof.,01GYWN8W6ACPGHXBSKR51VYNCE,Christophe,Gold,,Female to Male,,6th Fl,6690 Mcguire Pl,Charlotte,,43605,US,,,Unknown,8,IiC65CxF8ghnbnh,Statistician II,50313,12576,8/28/17,725-81-0288,11/2/00,IL56 2213 7809 2169 1605 393,3.74E+14,jcb,HRI1IO,
IQCP,,Mr.,01GYWN8W6D9NFTXNTS147MAMEJ,Rrio,Kohtler,,Female to Male,,Rm 645,188 Melvin Cross,Pasadena,California,25305,US,,,Engaged,2,MuYFActnhnyn,Teacher Asst,17205,21448,1/13/06,694-85-5798,6/1/12,IS83 1884 6415 7460 8432 6110 91,3.55E+15,americanexpress,cViy3old,
MPHIL,,Ms,01GYWN8W6G2BEG9MSJB1Q3R7DX,Tess,H.ford,,Cisgender Woman,,PO Box 56189,7 2nd Dr,,,95118,US,,,Married,4,LomiRR9eoQyMgb,Senior Cost Accountant Sr,27452,41594,2/10/00,781-73-6772,3/3/02,FR12 6908 7843 72HK B48F EVDY G63,5.11E+15,jcb,UJosNNW6Q0n,
DDS,,Mr.,01GYWN8W6JMW6AAYFS9TGWH60S,Ophelie,Volk,,Trans Woman,,PO Box 55979,280 Rutledge Parkway,Washington,California,92176,US,,,Engaged,3,PlZzGTQZpLfbdb,Recruiting Manager Sr,53694,7783,10/29/15,449-55-8128,10/16/13,RS57 1803 2494 6634 0235 08,4.91E+17,diners-club-enroute,M6i8eji2wGU,
PharmD,,Prof.,01GYWN8W6NWQ94EXQ233D5V662,Austin,Zecchii,,Androgynous,,Suite 47,029 Luster Trail,San Diego,Virginia,28210,US,,,Divorced,6,STtePtFBWVwEfvfg,Structural Engineer Jr,56424,88043,4/7/17,418-41-3366,7/24/19,SK40 1037 6335 5871 5934 9449,6.71E+15,jcb,nO6WkUbxQ,
PHD,,Dr.,01GYWN8W6RKFKW56YPDJT23G3Q,Ruggiero,Symson,,Cisgender Man,,Apt 1519,81 Northridge Pk,Washington,Alabama,15230,US,,,Separated,3,2d4NbBYwH6bgf,Product Engineer,99819,29824,2/21/10,735-03-9363,5/21/12,LI06 2297 1QWJ 313P KPP0 X,3.56E+15,jcb,2q9Gwg6BF,
MSW,,Ms,01GYWN8W6WS9KNRFGP5GZQY82Q,Whita,Anfosso,,Neither,,PO Box 70923,90 Shasta Cout,,Kansas,79118,US,,,Separated,10,j1yR6kiafgbgb,Product Engineer,71338,50468,10/8/12,840-88-1876,2/19/16,HR20 8400 2600 8836 3971 1,5.60E+16,switch,5mLtbjQ0,
MFA,,Mr.,01GYWN8W6ZHCWV7XRRMB55ZW3A,Marji,Tarpey,,Transgender,,Rm 622,4 Continental Ave,,,31205,US,,,Married,,FGhvmzMKfbg,Computer Systems Analyst IV,28975,79736,9/20/09,818-50-6574,8/22/11,IT24 A909 5241 7082 ZICY WUXH E2G,3.57E+15,jcb,HFhs5JQVRDM,
MFA,,Mr.,01GYWN8W71KW35D2Q9DH1SFN17,Modesta,Fennessy,,Cisgender,,Rm 1888,1862 Reindahl Ave,Pompano Beach,Florida,33320,US,,,Single,,OcdwHafdbgd,Statistician IV,42273,20695,1/27/10,438-09-7917,12/21/17,IT22 N587 0994 166J 2NNR 6CAX VSK,3.58E+15,jcb,cDebIrCzQMZ,
PHD,,Ms,01GYWN8VXZHQEZG1A9F76A60CC,Minna,Pile,,Non-binary,,Suite 58,1178 Springs Rd,,,27116,US,,,Married,,64BWbDvfs,Librarian,53282,69155,5/26/09,232-79-3427,1/6/01,EE97 0157 9536 5059 8986,6.39E+15,laser,zclfdQRSbDS,
EdD,,Mr.,01GYWN8VYP151092W015PY7MGY,Devi,Delacourt,,Transsexual Man,,17th Fl,9379 Schurz Pl,Tyler,Colorado,73197,US,,,Divorced,,ZY7yX81togbgf,Junior Executive,50313,58143,2/12/10,247-57-8558,1/25/00,FR28 6550 2240 23XE FYNG E3RX 780,4.04E+12,diners-club-carte-blanche,NkF6yAb8u,
MPHIL,,Ms,01GYWN8VYV8Z72C4ZB9FZ7D01G,Felicity,De la Perrelle,,Transmasculine,,Rm 645,83043 Eliot Rd,South Lake Tahoe,District of Columbia,92176,US,,,Engaged,,SOmNA6EmAn8fgbfgdF,Registered Nurse,17205,97871,7/21/17,524-54-7701,2/9/03,MT91 KCKG 0708 7STO EVL2 W5DT TATA MTE,3.55E+15,jcb,PKzrayHDbiyq,
PharmD,,Mr.,01GYWN8VZ0MNSM74KCE0YZNS6Q,Ertha,Kittman,,Pangender,,PO Box 56189,24476 Caliangt Ave,Raleigh,,28210,US,,,Married,,BlmxCStQajgbfdwM,Director of Sales,27452,8250,4/12/21,582-42-2093,8/31/21,AT09 1296 2808 6729 4216,4.51E+15,laser,fZec6qY,
MPHIL,,Ms,01GYWN8VZ547BWHTDWCDPNDTXK,Ginnie,Filipchikov,,Two-Spirit,,PO Box 55979,60475 Oriole Rd,,,63158,US,,,Unknown,,4WVnMgfbAttXt,Accountant III,53694,4472,8/28/17,836-07-1391,8/10/08,LU51 959F NNHU HAAM MW7M,5.61E+16,maestro,7HzZjIz7h,
PHD,,Dr.,01GYWN8VZA0XJX95E3GEECJY75,Daron,Brun,,Gender Questioning,,Suite 47,1894 Schiller Ave,Dallas,Texas,18763,US,,,Single,,7lEzSZYbgfb0Dm,Sr. Project Manager,28975,85262,1/13/06,785-24-9337,10/8/22,FR80 6317 5329 09AM USRV RUIP N66,4.03E+15,visa-electron,Nigxqy0X0,
MPHIL,,Mr.,01GYWN8VZFY3G2FEZDCBEE8NA5,Caty,Jeffer,,Female to Male,,Apt 1519,09346 Arizona Junc,Jacksonville,Arizona,98424,US,,,Married,,KZHXisEbgfg2vQe6,Engineer III,42273,57605,4/29/22,633-72-4100,10/21/09,FI57 5269 2002 6682 93,2.02E+14,jcb,XPZolizL,
PHD,,Dr.,01GYWN8VZMH8KBS30QT5KESRHD,Dane,Jouannot,,Trans Woman,,PO Box 70923,74886 Raven Dr,,,52245,US,,,Single,,ISRcjKkgbgfO2a,Operator,53282,86185,10/29/12,297-01-2671,3/28/05,PT07 1629 6341 3164 1357 0263 4,6.30E+17,americanexpress,HRI1IO,
IQCP,,Ms,01GYWN8VZTDXX1H1MV5BB18BC9,Robb,Fir,,Gender Fluid,,Rm 622,74 Kenwood Ps,Los Angeles,Florida,88006,US,,,Unknown,,KKjDyJZgb9Y,Occupational Therapist,50313,75401,7/3/13,118-16-9511,7/3/17,HR20 8400 2600 8836 3971 1,3.58E+15,jcb,cViy3old,
EdD,,Prof.,01GYWN8W04VYPXWWSBDGJQHXYA,Frayda,Casini,,Male to Female,,Rm 1888,12054 Kinsman Alley,Pasadena,,25389,US,,,Single,,3LZS4gbgdgg,Database Administrator I,17205,12576,12/11/16,253-15-6873,10/6/18,IT24 A909 5241 7082 ZICY WUXH E2G,5.02E+15,diners-club-enroute,UJosNNW6Q0n,
DDS,,Ms,01GYWN8W09N925TE29TQ91V7WK,Gaven,Sawtell,,Transsexual ,,Suite 58,8247 Oxford Jun,,,70005,US,,,Separated,,6EceDfgbgxnPCJf,Internal Aud,28975,21448,4/7/11,675-71-3319,12/18/12,IT22 N587 0994 166J 2NNR 6CAX VSK,4.04E+12,jcb,M6i8eji2wGU,
PHD,,Prof.,01GYWN8W0DGT5JMT55HP058APH,Thia,Middle,,Cisgender Man,,17th Fl,63553 Pierstorff Pl,Washington,Arizona,93150,US,,,Unknown,,GA1H5bgbstaTXF,Dental Hygienist,42273,41594,12/23/10,521-38-9703,11/8/06,EE97 0157 9536 5059 8986,3.55E+15,jcb,nO6WkUbxQ,
PHD,,Ms,01GYWN8W0HB2SQ9A1C0M4342QV,Christof,Tomet,,Neutrois,,5th Fl,095 Green Cross,San Diego,District of Columbia,2216,US,,,Divorced,,UFlW3aTw,Teacher,53282,7783,6/10/08,240-36-2462,2/19/16,FR28 6550 2240 23XE FYNG E3RX 780,6.77E+18,switch,2q9Gwg6BF,
DDS,,Dr.,01GYWN8W0MHMGJSM3YJ8CDS12K,Gretchen,Jenny,,Pangender,,12th Fl,32 Kennedy Jun,Washington,California,10155,US,,,Married,,v4VIpjw,Systems  III,50313,88043,1/13/11,480-53-9368,8/22/11,MT91 KCKG 0708 7STO EVL2 W5DT TATA MTE,6.76E+16,jcb,5mLtbjQ0,
MPHIL,,Mr.,01GYWN8W0P7JM8KQEWAAW6G9HX,Ginnie,Gaitskill,, Woman,,Suite 71,085 Stang Jun,Beaufort,,12237,US,,,Engaged,,QPwngqwFVJve,Biostatistician II,17205,29824,5/13/11,349-41-5193,12/21/17,AT09 1296 2808 6729 4216,6.71E+15,jcb,zclfdQRSbDS,
MFA,,Mr.,01GYWN8W0RXCKFSQEDM9WWTFX7,Gisella,Lashm,,FTM,,Room 1027,759 Randy St,Saint Paul,Connecticut,78721,US,,,Separated,,oQphPt4fqDo,Help Desk Operator,28975,50468,9/22/21,676-86-7915,1/6/01,LU51 959F NNHU HAAM MW7M,3.56E+15,laser,NkF6yAb8u,
IQCP,,Prof.,01GYWN8W0VT82S9BTG3PJDMWTS,Awin,Winley,,Male,,17th Floor,9208 Twin Pines Alley,,Georgia,92121,US,,,Unknown,,1WI8hi5BMTQ,Editor,42273,79736,1/4/11,106-25-0726,1/25/00,FR80 6317 5329 09AM USRV RUIP N66,5.60E+16,jcb,PKzrayHDbiyq,
DDS,,Mr.,01GYWN8W0XZ2JD8QXTSTNQSTC9,Rene,Cuar,, Male,,4th Fl,9664 Blue Bill Park Cort,Tuscaloosa,,30356,US,,,Separated,,St9iC49ez,Payment Adjustment Coordinator,53282,20695,3/28/03,551-57-6901,2/9/03,FI57 5269 2002 6682 93,3.57E+15,jcb,fZec6qY,
IQCP,,Mr.,01GYWN8W1095YGTJGBZK4QP7GW,Harm,Stubbe,,W,,Apt 1809,18507 Amoth Dr,Beaufort,Minnesota,33416,US,,,Single,,uDSMe85bPK,Financial Analyst,50313,85262,3/7/13,621-52-3991,8/31/21,PT07 1629 6341 3164 1357 0263 4,3.58E+15,jcb,7HzZjIz7h,
PharmD,,Dr.,01GYWN8W138T6XSWC8F5AZEKQ6,Lindy,Harv,,Trans Woman,,5th Fl,498 School St,Saint Paul,,11231,US,,,Engaged,,vleV4d93I,Legal Ass,17205,57605,10/4/05,737-71-7235,8/10/08,FR89 0098 2947 45OG LUFN 8LQX D57,6.39E+15,bankcard,zclfdQRSbDS,
MFA,,Mr.,01GYWN8W16W6SYHDEKWQ1D9Q0H,Carmine,Sher,,Androgynous,,Su 2,467 Bay Trai,,Florida,14619,US,,,Divorced,,xVixFYsw6Ja,Senior Financial Analyst,27452,86185,5/11/12,617-02-4454,10/8/22,SK40 1037 6335 5871 5934 9449,4.04E+12,jcb,NkF6yAb8u,
DDS,,Mr.,01GYWN8W1BN285AAKJSETGG7VW,Luce,Adamec,,Man,,PO B 35860,15695 Florence Dr,Tuscaloosa,,71137,US,,,Separated,,54UBmKwzQ,Account Executive,53694,75401,7/7/00,847-87-1943,10/21/09,HR20 8400 2600 8836 3971 1,3.55E+15,jcb,PKzrayHDbiyq,
IQCP,,Mr.,01GYWN8W1EE3NJ7X1FXKNNZ14J,Olympia,Dee,,Neither,,Su 97,30 Twin Pines Ps,Canton,North Carolina,43605,US,,,Separated,,sKkLvcfhAfgb,Database Administrator II,28975,12576,11/21/21,725-81-0288,3/28/05,IT24 A909 5241 7082 ZICY WUXH E2G,4.51E+15,visa-electron,fZec6qY,
DPT,,Ms,01GYWN8W1HY8VS5Z36EDT0316C,Salim,Scrim,,Transgender,,5th Fl,30625 Nova Wy,Houston,,25305,US,,,Married,,cALgAgCcKVgb,Executive Secretary ||,42273,21448,8/22/20,694-85-5798,7/3/17,IT22 N587 0994 166J 2NNR 6CAX VSK,5.61E+16,jcb,7HzZjIz7h,
PsyD,,Mr.,01GYWN8W1M893XWB09Q3TC7DKW,Ara,Lin,,Cisgender,,6th Fl,1178 Springs Rd,Rochester,California,95118,US,,,Single,,BUd2bGxJARbt,Legal Assistant jr,53282,41594,3/5/02,781-73-6772,10/6/18,EE97 0157 9536 5059 8986,6.71E+15,diners-club-enroute,Nigxqy0X0,
MPHIL,,Ms,01GYWN8W1Q1BANGSA7PK4KWT7F,Auria,Anto,,Non-binary,,Rm 645,939 Schurz Pl,,Indiana,23208,US,,,Married,,ZLm7QyLfb,Junior Executive sr,50313,7783,9/5/00,449-55-8128,12/18/12,FR28 6550 2240 23XE FYNG E3RX 780,3.56E+15,jcb,XPZolizL,
PharmD,,Prof.,01GYWN8W1TD29JMW2DR80BS3AT,Tami,Beszant,,Transsexual Man,,PO Box 56189,843 Eliot Rd,Portland,Florida,90060,US,,,Divorced,,4WVnMAttXtfbd,Safety Technician III,17205,88043,10/19/07,418-41-3366,11/8/06,MT91 KCKG 0708 7STO EVL2 W5DT TATA MTE,5.60E+16,jcb,HRI1IO,
DPT,,Mr.,01GYWN8W1YRZF9DA308E2VRC7Y,Antonin,brook,,Transmasculine,,PO Box 55979,276 Caliangt Ave,Charlotte,,79118,US,,,Divorced,,7lEzSZY0Dmdfv,Senior Sales Associate ,28975,29824,3/23/22,735-03-9363,3/3/02,AT09 1296 2808 6729 4216,3.57E+15,diners-club-carte-blanche,zclfdQRSbDS,
PharmD,,Dr.,01GYWN8W22HFF78PESW79BKEHW,Bondon,Prinn,,Pangender,,Suite 47,675 Oriole Rd,Pasadena,,31205,US,,,Separated,,KZHXisE2vQe6dfv,Web Developer IV,42273,50468,1/17/19,840-88-1876,10/16/13,LU51 959F NNHU HAAM MW7M,3.58E+15,jcb,NkF6yAb8u,
PHD,,Prof.,01GYWN8W24VAB8S1AA3JYJAZHT,Vladamir,Ash,,Two-Spirit,,Apt 1519,184 Schiller Ave,,Arizona,33320,US,,,Separated,,ISRcjKkO2advfw,Community Outreach Specialist,53282,79736,6/24/10,818-50-6574,2/15/07,FR80 6317 5329 09AM USRV RUIP N66,6.39E+15,laser,PKzrayHDbiyq,
MPHIL,,Mr.,01GYWN8W27Z09WFDSQVB0VEFMK,Brittan,Wear,,Gender Questioning,,PO Box 70923,0222 Luster Trail,Washington,District of Columbia,27116,US,,,Married,,KKjDyJZ9Ydfvyhm,Web Developer II,50313,20695,5/3/04,438-09-7917,10/26/18,FI57 5269 2002 6682 93,4.04E+12,maestro,fZec6qY,
IQCP,,Ms,01GYWN8W2A0SYSZSX57S9M62VQ,Wilburt,Ball,,Female to Male,,Rm 622,8111 Northridge Pk,San Diego,California,73197,US,,,Single,,3LZS4gdfvagrhn,Help Desk Technician,17205,69155,7/2/12,232-79-3427,11/2/00,PT07 1629 6341 3164 1357 0263 4,3.55E+15,visa-electron,7HzZjIz7h,
PharmD,,Ms,01GYWN8W2EXRJ0VFBWJ45X0H5N,Wini,Gal,,Trans Woman,,Rm 1888,9090 Shasta Cout,Washington,,92176,US,,,Married,,6EceDxnPCJfhgn,Systems  III,27452,58143,5/15/11,247-57-8558,6/1/12,FR89 0098 2947 45OG LUFN 8LQX D57,4.51E+15,jcb,Nigxqy0X0,
PharmD,,Ms,01GYWN8W2HTPAB76VWFJQ315RW,Lissa,Amber,,Gender Fluid,,Suite 58,408 Continental Ave,,Connecticut,28210,US,,,Divorced,,GA1H5staTXFghn,Biostatistician II,53694,97871,5/11/12,418-41-3366,3/3/02,FR59 0124 6500 28CV 0SIC AUAZ T68,5.61E+16,americanexpress,XPZolizL,
PharmD,,Mr.,01GYWN8W2K5CC9B3HQCXF4Q2H0,Shalom,Jauk,,Transsexual Woman,,17th Fl,182 Reindahl Ave,,Georgia,15230,US,,,Engaged,,UFlW3aTwrum,Help Desk Operator,42273,8250,7/7/00,735-03-9363,10/16/13,GI77 QHGC PJQS BONR KHKC Y6Q,4.03E+15,jcb,HRI1IO,
MSW,,Prof.,01GYWN8W2QT1SFD1RFXG9AG0MQ,Nanon,Jean,,Trans Woman,,5th Fl,18 Springs Rd,Pompano Beach,,77095,US,,,Married,,v4VIpjwygrn,Editor,53282,4472,2/10/00,840-88-1876,7/24/19,IL68 7518 6793 4657 7863 125,2.02E+14,diners-club-enroute,cViy3old,
MFA,,Mr.,01GYWN8W2T2E3EZGGGCRSXQW0H,Elijah,Aslum,,Cisgender Man,,Rm 645,939 Schurz Pl,,Minnesota,23208,US,,,Unknown,,QPwngqwFVJven,Payment Adjustment Coordinator,50313,51976,10/29/15,818-50-6574,5/21/12,MD80 Y5OG EBVV 8LK3 O80E CTHF,6.30E+17,jcb,UJosNNW6Q0n,
EdD,,Mr.,01GYWN8W2Y7C6AV6HDBADAA9PT,Ainsley,Mance,,Neutrois,,PO Box 56189,843 Eliot Rd,Tyler,,90060,US,,,Single,,oQphPt4fqDotgeb,Financial Analyst,17205,78311,4/7/17,438-09-7917,2/19/16,LV31 UNQC 2OHC O4XD WOKF A,3.58E+15,jcb,M6i8eji2wGU,
MSW,,Ms,01GYWN8W30ZXAXM8EDBF0RNVVY,Fernandina,Philp,,Pangender,,PO Box 55979,246 Caliangt Ave,South Lake Tahoe,Florida,19178,US,,,Divorced,,1WI8hi5BMTQtngt,Legal Ass,27452,90416,2/21/10,232-79-3427,8/22/11,SK22 8984 3121 5236 3239 7104,5.02E+15,switch,nO6WkUbxQ,
DDS,,Mr.,01GYWN8W34PTTVSEY5TTVWN4HQ,Grannie,Keely,,Transsexual Woman,,Suite 47,60475 Oriole Rd,Raleigh,,77346,US,,,Separated,,St9iC49ezgndy,Senior Financial Analyst,53694,85262,10/8/12,247-57-8558,12/21/17,FR67 5046 4816 12YT 1VQ2 R83G D86,4.04E+12,jcb,2q9Gwg6BF,
PHD,,Dr.,01GYWN8W378WXDEHJ4M71385EG,Wynnie,Romao,,FTM,,Apt 1519,14 Schiller Ave,,North Carolina,31904,US,,,Separated,,uDSMe85bPKgnbty,Systems  III,56424,57605,9/20/09,240-36-2462,1/6/01,FR62 7681 5042 51D5 YMK3 UFKG U25,3.55E+15,jcb,5mLtbjQ0,
EdD,,Ms,01GYWN8W3A2SAZQ7G40GX8APP4,Aurel,Gir,,Female to Male,,PO Box 70923,046 Arizona Junc,Dallas,,89550,US,,,Married,,vleV4d93Inbtyn,Biostatistician II,99819,86185,1/27/10,480-53-9368,1/25/00,AD39 6612 9845 NEX1 VVVY BQGB,6.77E+18,laser,HFhs5JQVRDM,
MSW,,Ms,01GYWN8W3E08J0AN308J96FKZ4,Ami,Egg,,Female to Male,,Rm 622,786 Raven Dr,Jacksonville,California,60681,US,,,Single,,xVixFYsw6Jagdny,Help Desk Operator,71338,75401,5/26/09,349-41-5193,2/9/03,GT61 F1BI JL2R BL66 XANL PLE3 YKUF,6.76E+16,jcb,cDebIrCzQMZ,
PharmD,,Prof.,01GYWN8W3HAA88Y3KHBBM7TBAV,Dennis,Corzon,,Cisgender Woman,,Rm 1888,74 Kenwood Ps,,Indiana,78044,US,,,Married,,54UBmKwzQthe,Editor,42273,12576,2/12/10,676-86-7915,8/31/21,MT66 ZJXU 4269 1YNN Y2JI TINM OQK9 L6P,5.01E+15,laser,3igQhC,
IQCP,,Prof.,01GYWN8W3MQT1HR910P1YS4ZH7,Frazier,Leath,,Trans Woman,,Suite 58,14 Kinsman Alley,Los Angeles,,74141,US,,,Divorced,,QPwngqwFVJvegfbd,Payment Adjustment Coordinator,53282,21448,7/21/17,106-25-0726,8/10/08,SI73 2229 4947 8652 396,5.60E+15,jcb,BsjTF6n2S,
PHD,,Prof.,01GYWN8W3QFPJM3C3N5KHFABSF,Ulrika,Roaf,,Androgynous,,17th Fl,8247 Oxford Jun,,Virginia,95828,US,,,Engaged,,oQphPt4fqDofgbet,Financial Analyst,50313,85262,4/12/21,551-57-6901,10/8/22,FI77 2953 3926 6349 91,5.60E+15,jcb,zclfdQRSbDS,
PharmD,,Dr.,01GYWN8W3TX5AQ8CQ82CYHE8B6,Fernande,Pav,,Cisgender Man,,5th Fl,63 Pierstorff Pl,,North Carolina,75216,US,,,Married,,1WI8hi5BMTQgfby,Legal Ass,17205,57605,8/28/17,621-52-3991,10/21/09,FR59 0124 6500 28CV 0SIC AUAZ T68,5.60E+15,jcb,NkF6yAb8u,
PsyD,,Mr.,01GYWN8W3WFZ4WWMGEFH2QNETV,Boonie,Br,,Neither,,12th Fl,095 Green Cross,Pompano Beach,,13217,US,,,Unknown,,St9iC49ezfgbt,Senior Financial Analyst,27452,86185,1/13/06,737-71-7235,3/28/05,GI77 QHGC PJQS BONR KHKC Y6Q,5.60E+15,jcb,PKzrayHDbiyq,
DPT,,Mr.,01GYWN8W41VKW06A2CZDNW2YMA,Sergeant,May,,Transgender,,Suite 71,099 Gr cross,,Wisconsin,49518,US,,,Single,,uDSMe85bPKfsbt,Account Executive,42273,75401,4/29/22,617-02-4454,7/3/17,IL68 7518 6793 4657 7863 125,5.10E+15,jcb,fZec6qY,
MFA,,Dr.,01GYWN8W45CDH2X12ACDGBMEQA,Damiano,Drakes,,Cisgender,,Room 1027,097645  oarkway,Tyler,,53726,US,,,Single,,vleV4d93Ifgbte,Database Administrator II,53282,12576,10/29/12,847-87-1943,10/6/18,MD80 Y5OG EBVV 8LK3 O80E CTHF,4.03E+15,china-unionpay,7HzZjIz7h,
PsyD,,Mr.,01GYWN8VZHERZMD1YSWKD87X1A,Rosalynd,Mulroy,,Non-binary,,17th Floor,123 Blvd road,South Lake Tahoe,,77346,US,,,Divorced,,xVixFYsw6Jatfgbhg,Executive Secretary ||,50313,21448,7/3/13,725-81-0288,12/18/12,LV31 UNQC 2OHC O4XD WOKF A,2.02E+14,diners-club-carte-blanche,Nigxqy0X0,
MSW,,Ms,01GYWN8VZZ5E9GDYFAYFHBP77H,Micky,Rubinovici,,Transsexual Man,,4th Fl,6691 Mcguire Pl,Raleigh,Florida,31904,US,,,Separated,,54UBmKwzQbgrsgbt,Legal Assistant jr,17205,41594,12/11/16,694-85-5798,11/8/06,SK22 8984 3121 5236 3239 7104,6.30E+17,diners-club-enroute,XPZolizL,
EdD,,Prof.,01GYWN8W0KYKG7W2FR7MM0DS5J,Elsa,Slayford,,Transmasculine,,Apt 1809,182 Melvin Cross,,California,89550,US,,,Separated,,UJkqvjLNVGgbgsvc,Junior Executive sr,27452,7783,4/7/11,781-73-6772,10/16/15,FR67 5046 4816 12YT 1VQ2 R83G D86,3.58E+15,jcb,HRI1IO,
phd,,Prof.,01GYWN8W0SVGPTYGAJ9MF56HSR,Cecelia,Newsham,,Pangender,,5th Fl,2 2nd Dr,Dallas,,60681,US,,,Married,,DsPUUEfgbvfsdvb,Professor Phd,53694,88043,12/23/10,449-55-8128,12/19/01,FR62 7681 5042 51D5 YMK3 UFKG U25,5.02E+15,instapayment,cViy3old,
DPT,,Ms,01GYWN8W0Y4E31CJEQ3K0S2EX4,Lin,Rigney,,Two-Spirit,,Su 2,220 Rutledge Parkway,Jacksonville,Minnesota,18763,US,,,Single,,XlKDE09Pfgbfsvg,Computer Systems Analyst II,56424,29824,6/10/08,418-41-3366,6/13/22,AD39 6612 9845 NEX1 VVVY BQGB,4.04E+12,jcb,zclfdQRSbDS,
DPT,,Mr.,01GYWN8W13JYRMJX1WBPS8Z2JF,Marillin,Lampen,,Gender Questioning,,PO B 35860,049 Luster Trail,,,18763,US,,,Married,,8IDSHqZ1Efgbsvrtb,Assistant Manager Sr,99819,50468,1/13/11,735-03-9363,1/7/00,ES11 7745 2825 9424 2611 0077,3.55E+15,jcb,NkF6yAb8u,
EdD,,Mr.,01GYWN8W19J9F275XMV2BERG2G,Faw,Munkley,,Female to Male,,Su 97,811 Northridge Pk,Los Angeles,Florida,98424,US,,,Divorced,,qSAQemlJZKdfvsv,Senior Cost Accountant JR,71338,79736,5/13/11,840-88-1876,2/24/23,NL76 RDZH 8647 5835 61,6.77E+18,diners-club-carte-blanche,PKzrayHDbiyq,
MSW,,Mr.,01GYWN8W1F7DJ2A86X3PP0R24W,Will,Boomes,,Trans Woman,,5th Fl,900 Shasta Cout,,,52245,US,,,Engaged,,Jr4Zy2RPVevgyt,Internal Auditor SR,42273,20695,9/22/21,818-50-6574,9/13/07,FR25 0295 0154 51YS OSXZ 5TJ9 F39,6.76E+16,jcb,fZec6qYgfbdg,
PharmD,,Dr.,01GYWN8W1JDKVNPBXKKHRW8PXJ,Pascal,McMearty,, Fluid,,6th Fl,40 Continental Ave,Pompano Beach,North Carolina,88006,US,,,Married,,POnrPJlm32RHfcgd,Human Resources Manager SR,53282,69155,1/4/11,438-09-7917,6/21/14,GT61 F1BI JL2R BL66 XANL PLE3 YKUF,5.01E+15,laser,7HzZjIz7hfgbgdb,
IQCP,,Ms,01GYWN8W1RZKJWVC62P067MQ6M,Benj,Costa,,Transsexual Woman,,Rm 645,1862 Reindahl Ave,,,25389,US,,,Unknown,,HLLubqvdsfbbvtg,Executive Secretary ||,50313,58143,3/28/03,232-79-3427,2/18/00,MT66 ZJXU 4269 1YNN Y2JI TINM OQK9 L6P,5.60E+15,maestro,Nigxqy0X0gbgb,
PHD,,Ms,01GYWN8W1YYMSW9VY96RM9H28V,Chaddie,C.well,,Trans Woman,,PO Box 56189,1178 Springs Rd,Tyler,California,70005,US,,,Single,,ZJT2zpiYQ7Vmdcv,Structural Engineer Jr,17205,97871,3/7/13,247-57-8558,4/16/16,SI73 2229 4947 8652 396,5.60E+15,visa-electron,XPZolizLvfgb,
PharmD,,Mr.,01GYWN8W23D628YA8DB7DV063A,Field,Macguire,,Cisgender,,PO Box 55979,939 Schurz Pl,South Lake Tahoe,Indiana,93150,US,,,Separated,,jYharnnpxdscd,Account ExecutiveJR,27452,8250,10/4/05,118-16-9511,12/8/14,FI77 2953 3926 6349 91,5.60E+15,jcb,HRI1IOvfgb,
PsyD,,Dr.,01GYWN8W29RBSMBAH9298VDTNN,Kym,Rock,,Neutrois,,Suite 47,843 Eliot Rd,Raleigh,,2216,US,,,Married,,sYI7bwjgsdvdfrt,Statistician II,53694,4472,8/1/18,253-15-6873,7/17/08,FR59 0124 6500 28CV 0SIC AUAZ T68,5.60E+15,americanexpress,vfv,
DPT,,Prof.,01GYWN8W2FMR3Y55THQQ6TR4Z0,Sib,Slay,,Pangender,,Apt 1519,276 Caliangt Ave,,Virginia,10155,US,,,Single,,ZnQJN7iB11,Teacher Asst,56424,51976,3/12/18,675-71-3319,2/1/05,GI77 QHGC PJQS BONR KHKC Y6Q,5.10E+15,jcb,UJosNNW6Q0nvcrv,
MFA,,Dr.,01GYWN8W2MB5Z0MDFK1T0ZREDW,Nicho,Mul,, Woman,,PO Box 70923,675 Oriole Rd,Dallas,North Carolina,12237,US,,,Married,,CTmPEL3N23,Senior Cost Accountant Sr,99819,78311,9/22/13,508-87-6077,11/24/21,IL68 7518 6793 4657 7863 125,5.10E+15,diners-club-enroute,M6i8eji2wGUcerc,
PsyD,,Mr.,01GYWN8W2SF4XMK8RR349VB9FJ,M.rick,Roy,,FTM,,Rm 1888,184 Schiller Ave,Jacksonville,,78721,US,,,Divorced,,gfsjbvur,Recruiting Manager Sr,71338,90416,5/13/00,526-77-3905,6/26/12,MD80 Y5OG EBVV 8LK3 O80E CTHF,3.54E+15,jcb,asdasd,