a1,Alivia Hogan ,44 E. West Street Ashland, OH 44805
a2,Giancarlo Hogan, 44 E. West Street Ashland, OH 44805
a3,Madisyn Hogan, 44 E. West Street Ashland, OH 44805
b1,Alivia Hogan ,131 Iroquois Street Southgate, MI 48195
b2,Giancarlo Hogan ,131 Iroquois Street Southgate, MI 48195
b3,Madisyn Hogan ,131 Iroquois Street Southgate, MI 48195
c1, Kaylin Lyons ,8779 Windsor St. Fuquay Varina, NC 27526
c2,Angela Wheeler ,8779 Windsor St. Fuquay Varina, NC 27526
c3,Gerardo Mays ,8779 Windsor St. Fuquay Varina, NC 27526
d1,Kaylin Lyons ,611 Penn Street Long Branch, NJ 07740
d2,Angela Wheeler ,611 Penn Street Long Branch, NJ 07740
d3,Gerardo Mays ,611 Penn Street Long Branch, NJ 07740
e1,Kayla Willis ,7075 Princess Street Linden, NJ 07036
e2,Virginia Crosby ,7075 Princess Street Linden, NJ 07036
e3,Iris Bowen ,7075 Princess Street Linden, NJ 07036
f1,Kayla Willis,132 Tensaw Road, Montgomery AL 36117
f2,Virginia Crosby,132 Tensaw Road, Montgomery AL 36117
f3, Iris Bowen,132 Tensaw Road, Montgomery AL 36117
g1,Sabrina Andrews,7459 Gulf Lane Raeford, NC 28376
g2,Elena Curtis,7459 Gulf Lane Raeford, NC 28376
g3,Ruby Hopkins,7459 Gulf Lane Raeford, NC 28376
h1,Sabrina Andrews,4667 Benning Road Southeast, Washington AR 20019
h2,Elena Curtis,4667 Benning Road Southeast, Washington AR 20019
h3,Ruby Hopkins,4667 Benning Road Southeast, Washington AR 20019
i1,Tamia Dunn,809 North Peg Shop Dr. Ladson, SC 29456
i2,Carina Burnett,809 North Peg Shop Dr. Ladson, SC 29456
i3,Presley Colon,809 North Peg Shop Dr. Ladson, SC 29456
j1,Tamia Dunn,9057 Vermont Road Cockeysville, MD 21030
j2,Carina Burnett,9057 Vermont Road Cockeysville, MD 21030
j3,Presley Colon,9057 Vermont Road Cockeysville, MD 21030
k1,Jewel Zimmerman,401 Fairhill Court, Annapolis MD 21403
k2,Prince Hoffman,401 Fairhill Court, Annapolis MD 21403
k3,Gavin Bray,401 Fairhill Court, Annapolis MD 21403
l1,Jewel Zimmerman,1521 159th Avenue, San Leandro CA 94578
l2,Prince Hoffman,1521 159th Avenue, San Leandro CA 94578
l3,Gavin Bray,1521 159th Avenue, San Leandro CA 94578
m1,Seamus Lowe,883 Rodney Drive, Nashville TN 37205
m2,Noel Atkinson,883 Rodney Drive, Nashville TN 37205
n1,Seamus Lowe,832 51st Street Northeast, Washington AR 20019
n2,Noel Atkinson,832 51st Street Northeast, Washington AR 20019
o1,Joey Flowers,1427 H Street, Anchorage AK 99501
o2,Adalyn Le,1427 H Street, Anchorage AK 99501
o3,Chana Young,1427 H Street, Anchorage AK 99501
p1,Joey Flowers,8772 West 79th Avenue, Arvada CO 80005
p2,Adalyn Le,8772 West 79th Avenue, Arvada CO 80005
p3,Chana Young,8772 West 79th Avenue, Arvada CO 80005
q1,Rayan Gardner,712 Wilsonwood Place, Nashville TN 37206
q2,Vincent Larsen,712 Wilsonwood Place, Nashville TN 37206
q3,Nayeli Mercer,712 Wilsonwood Place, Nashville TN 37206
r1,Rayan Gardner,42223 Edgewood Street, Fremont CA 94538
r2,Vincent Larsen,42223 Edgewood Street, Fremont CA 94538
r3,Nayeli Mercer,42223 Edgewood Street, Fremont CA 94538
s1,Aniya Winters,2821 Tyson Place, Louisville KY 40218
s2,Carlo Williamson,2821 Tyson Place, Louisville KY 40218
s3,Kale Armstrong,2821 Tyson Place, Louisville KY 40218
t1,Aniya Winters,1536 North Main Street, Salinas CA 93906
t2,Carlo Williamson,1536 North Main Street, Salinas CA 93906
t3,Kale Armstrong,1536 North Main Street, Salinas CA 93906
u1,Jayvion Hansen,31250 Courthouse Drive, Union City CA 94587
u2,Gerald Martinez,31250 Courthouse Drive, Union City CA 94587
u3,Avery Saunders,31250 Courthouse Drive, Union City CA 94587
v1,Jayvion Hansen,405 Flint Ridge Court, Norman OK 73072
v2,Gerald Martinez,405 Flint Ridge Court, Norman OK 73072
v3,Avery Saunders,405 Flint Ridge Court, Norman OK 73072
w1,Lane Brock,5628 West Tonopah Drive, Glendale AZ 85308
w2,Dominique Walton,5628 West Tonopah Drive, Glendale AZ 85308
w3,Giselle Mcknight,5628 West Tonopah Drive, Glendale AZ 85308
x1,Lane Brock,475 Maple Street, Holyoke MA 01040
x2,Dominique Walton,475 Maple Street, Holyoke MA 01040
x3,Giselle Mcknight,475 Maple Street, Holyoke MA 01040
y1,Isabela Blackwell,2604 13th Street, Savannah GA 31408
y2,Nora Schaefer,2604 13th Street, Savannah GA 31408
y3,Malakai Drake,2604 13th Street, Savannah GA 31408
y4,Timothy Gonzalez,2604 13th Street, Savannah GA 31408
y5,Abby House,2604 13th Street, Savannah GA 31408
z1,Isabela Blackwell,39247 Sundale Drive, Fremont CA 94538
z2,Nora Schaefer,39247 Sundale Drive, Fremont CA 94538
z3,Malakai Drake,39247 Sundale Drive, Fremont CA 94538
z4,Timothy Gonzalez,39247 Sundale Drive, Fremont CA 94538
z5,Abby House,39247 Sundale Drive, Fremont CA 94538
aa1,Meghan Rojas,9472 Noble Way, Arvada CO 80007
aa2,Janae Watts,9472 Noble Way, Arvada CO 80007
aa3,August Fernandez,9472 Noble Way, Arvada CO 80007
ab1,Meghan Rojas,4408 Northwest 55th Street, Oklahoma City OK 73112
ab2,Janae Watts,4408 Northwest 55th Street, Oklahoma City OK 73112
ab3,August Fernandez,4408 Northwest 55th Street, Oklahoma City OK 73112
ac1,Marlee Kane,318 Lydall Street, Manchester CT 06042
ac2,Ashlynn Logan,318 Lydall Street, Manchester CT 06042
ac3,Mya Melton,318 Lydall Street, Manchester CT 06042
ad1,Marlee Kane,416 Ridge Street Northwest, Washington AR 20001
ad2,Ashlynn Logan,416 Ridge Street Northwest, Washington AR 20001
ad3,Mya Melton,416 Ridge Street Northwest, Washington AR 20001
ae1,Marquise Giles,12 Winter Street, Manchester CT 06040
ae2,Cierra Davis,12 Winter Street, Manchester CT 06040
ae3,Mikaela Romero,12 Winter Street, Manchester CT 06040
af1,Marquise Giles,2316 Northwest 113th Street, Oklahoma City OK 73120
af2,Cierra Davis,2316 Northwest 113th Street, Oklahoma City OK 73120
af3,Mikaela Romero,2316 Northwest 113th Street, Oklahoma City OK 73120
ag1,Hadassah Kim,201 West Montgomery Cross Road, Savannah GA 31406
ag2,Lennon Riley,201 West Montgomery Cross Road, Savannah GA 31406
ag3,Arianna Spencer,201 West Montgomery Cross Road, Savannah GA 31406
ah1,Hadassah Kim,20270 Andover Avenue, Port Charlotte FL 33954
ah2,Lennon Riley,20270 Andover Avenue, Port Charlotte FL 33954
